State_Name,District_Name,Crop,Year,Area,Production
Maharashtra,Kolhapur,Onion,2017,25913.63,31652.23
Punjab,Amritsar,Sunflower,2011,46236.9,54372.97
Punjab,Sangrur,Barley,2014,29086.82,71333.15
Gujarat,Bharuch,Banana,2021,21785.58,61093.81
Uttar Pradesh,Kanpur,Chickpea,2015,7705.23,16400.08
Andhra Pradesh,Anantapur,Onion,2011,41318.32,152182.5
Rajasthan,Jaipur,Barley,2011,48282.96,187450.8
Himachal Pradesh,Shimla,Barley,2018,27987.28,70296.52
Uttar Pradesh,Agra,Rice,2015,14075.05,49136.5
Karnataka,Bangalore,Tomato,2018,16268.33,38174.54
Karnataka,Bangalore,Coconut,2015,39280.06,35622.55
Gujarat,Ahmedabad,Groundnut,2018,38133.25,111836.36
Karnataka,Raichur,Coffee,2012,47106.25,145591.69
West Bengal,Hooghly,Wheat,2021,31510.16,110085.16
Tamil Nadu,Chennai,Banana,2023,13965.91,19798.89
Karnataka,Bangalore,Tomato,2017,39755.46,48908.43
Andhra Pradesh,Guntur,Groundnut,2012,19407.17,55763.67
Bihar,Patna,Lentil,2023,3574.84,11190.36
Maharashtra,Pune,Rice,2016,18674.99,80310.82
Telangana,Karimnagar,Mango,2017,1176.12,5021.95
Telangana,Karimnagar,Cotton,2019,857.1,2366.64
Himachal Pradesh,Shimla,Maize,2022,24899.03,80900.85
West Bengal,Murshidabad,Potato,2014,16680.17,18653.0
Assam,Dibrugarh,Jute,2019,39888.02,82051.29
Andhra Pradesh,Guntur,Groundnut,2011,38048.26,93469.8
Karnataka,Mysore,Coffee,2023,1426.94,6120.02
Tamil Nadu,Madurai,Coconut,2010,33193.24,129599.06
Uttar Pradesh,Agra,Wheat,2016,15017.73,54385.23
Bihar,Gaya,Onion,2015,19416.23,21038.65
West Bengal,Burdwan,Potato,2016,32088.16,80200.57
Gujarat,Bharuch,Banana,2014,3325.76,5055.27
Andhra Pradesh,East Godavari,Chickpea,2023,28952.29,50568.22
Odisha,Ganjam,Jute,2022,12328.84,32614.01
Odisha,Cuttack,Rice,2010,15208.36,20608.58
Bihar,Nalanda,Potato,2019,13281.12,21555.77
Tamil Nadu,Salem,Groundnut,2013,25703.87,99381.63
Haryana,Rohtak,Sunflower,2016,38855.37,48812.52
Uttar Pradesh,Agra,Maize,2017,4311.67,15473.18
Uttar Pradesh,Varanasi,Potato,2011,33188.24,149070.1
Telangana,Warangal,Chickpea,2012,39316.45,156484.97
Gujarat,Rajkot,Cotton,2014,23076.85,87493.91
Andhra Pradesh,East Godavari,Cotton,2019,43245.2,38298.12
West Bengal,Hooghly,Rice,2018,32991.84,27910.84
Andhra Pradesh,Krishna,Groundnut,2014,38439.53,116109.09
Tamil Nadu,Madurai,Banana,2017,32488.06,100118.45
Haryana,Sonipat,Rice,2023,2722.56,3253.07
Karnataka,Bangalore,Mango,2020,15585.71,49157.89
Karnataka,Raichur,Maize,2013,47265.71,145480.21
Karnataka,Hassan,Mango,2021,26962.95,28945.67
Gujarat,Rajkot,Banana,2011,13459.95,51188.87
West Bengal,Hooghly,Rice,2020,19926.36,86113.08
Maharashtra,Pune,Wheat,2012,23844.27,19992.12
Odisha,Ganjam,Rice,2018,5612.25,14045.49
Gujarat,Bharuch,Mango,2012,17515.21,19957.33
Madhya Pradesh,Indore,Lentil,2018,19236.89,81604.71
Punjab,Jalandhar,Barley,2023,11482.53,36051.41
Odisha,Cuttack,Coconut,2021,49998.71,150124.34
Assam,Sonitpur,Rice,2022,20190.76,66816.76
West Bengal,Hooghly,Wheat,2014,9049.1,36900.54
Gujarat,Ahmedabad,Rice,2016,31020.57,52545.27
Andhra Pradesh,Krishna,Chickpea,2019,43638.44,100087.43
Andhra Pradesh,Guntur,Chickpea,2013,4166.64,16226.96
Haryana,Ambala,Wheat,2015,15444.72,69322.64
Karnataka,Hassan,Groundnut,2011,27530.09,81179.92
Odisha,Puri,Rice,2022,41722.77,175634.66
Kerala,Ernakulam,Papaya,2023,42653.53,156092.13
Karnataka,Bangalore,Coffee,2010,43800.56,84107.29
Tamil Nadu,Coimbatore,Mango,2010,30910.87,38730.73
Gujarat,Bharuch,Banana,2013,48550.35,143743.32
Haryana,Ambala,Wheat,2019,22627.87,75361.89
Punjab,Patiala,Potato,2011,46020.54,97590.89
Maharashtra,Aurangabad,Wheat,2018,19048.72,38881.12
West Bengal,Kolkata,Coconut,2013,4571.06,13044.15
Gujarat,Ahmedabad,Potato,2023,41402.18,40608.04
Uttar Pradesh,Varanasi,Maize,2016,28361.66,83887.94
Tamil Nadu,Thanjavur,Coconut,2018,29673.37,54560.56
Uttar Pradesh,Lucknow,Maize,2014,25600.45,100360.17
Telangana,Warangal,Mango,2016,18792.84,40366.91
Gujarat,Bharuch,Mango,2020,6522.76,12825.53
West Bengal,Kolkata,Potato,2010,42905.27,151625.16
Kerala,Ernakulam,Papaya,2011,9716.32,21574.93
Maharashtra,Nashik,Wheat,2014,10879.1,30459.99
Madhya Pradesh,Bhopal,Groundnut,2011,36828.07,138313.45
Tamil Nadu,Coimbatore,Mango,2018,38080.78,46438.91
Maharashtra,Kolhapur,Mango,2015,16682.17,71582.7
Uttar Pradesh,Kanpur,Rice,2018,13259.5,34662.47
Karnataka,Belgaum,Coconut,2021,40196.85,84047.28
Maharashtra,Aurangabad,Wheat,2013,31719.64,44022.61
Tamil Nadu,Coimbatore,Coconut,2022,20238.89,25932.13
Assam,Dibrugarh,Maize,2012,6804.87,8267.8
Assam,Nagaon,Banana,2018,23192.95,95782.53
Punjab,Sangrur,Sunflower,2021,3482.65,14296.85
Andhra Pradesh,Krishna,Maize,2017,21932.03,20165.7
Kerala,Alappuzha,Rice,2015,7405.39,8939.53
Madhya Pradesh,Indore,Cotton,2015,23821.15,35206.13
Bihar,Bhagalpur,Wheat,2020,31511.96,118640.78
Gujarat,Surat,Wheat,2019,33030.24,77625.22
Rajasthan,Jodhpur,Groundnut,2013,13015.53,45113.56
Gujarat,Junagadh,Cotton,2022,34876.57,133745.31
Himachal Pradesh,Kullu,Maize,2010,49468.4,170890.41
Haryana,Ambala,Rice,2010,28080.07,104083.72
Maharashtra,Nashik,Tomato,2023,32736.35,104035.19
Karnataka,Raichur,Coffee,2020,47813.93,50799.92
Madhya Pradesh,Sagar,Cotton,2022,27426.5,79399.29
Maharashtra,Nashik,Groundnut,2023,20892.14,86241.05
Rajasthan,Udaipur,Mungbean,2023,22208.39,34039.28
Haryana,Hisar,Potato,2010,37866.34,107965.4
Karnataka,Belgaum,Coconut,2022,17079.11,67169.26
Haryana,Hisar,Wheat,2020,16906.18,50142.9
Madhya Pradesh,Bhopal,Wheat,2010,3250.34,10729.68
Gujarat,Ahmedabad,Cotton,2013,21417.84,66642.04
Andhra Pradesh,East Godavari,Onion,2021,42949.42,160528.51
Uttar Pradesh,Lucknow,Potato,2013,35571.46,117623.72
Karnataka,Mysore,Cotton,2017,26396.07,24047.84
Himachal Pradesh,Mandi,Maize,2021,30441.48,136920.27
Assam,Nagaon,Coconut,2010,14116.81,28392.2
Gujarat,Surat,Banana,2012,23773.27,78613.19
Gujarat,Ahmedabad,Onion,2014,3470.54,10747.15
Kerala,Thrissur,Banana,2018,41136.88,57716.13
Tamil Nadu,Madurai,Mango,2012,24888.43,52989.34
Andhra Pradesh,Kurnool,Maize,2019,14776.14,65593.43
Andhra Pradesh,Anantapur,Banana,2010,13436.67,27808.55
Maharashtra,Aurangabad,Groundnut,2015,12235.53,16026.53
Madhya Pradesh,Ujjain,Groundnut,2010,15910.47,46599.58
Andhra Pradesh,Guntur,Banana,2016,45742.37,135545.0
Bihar,Gaya,Rice,2017,15396.06,64733.11
Himachal Pradesh,Kullu,Maize,2012,36501.81,134243.18
Gujarat,Junagadh,Onion,2015,10604.25,39789.69
Haryana,Sonipat,Rice,2019,40792.04,104211.16
Haryana,Karnal,Cotton,2012,47807.29,131834.0
Rajasthan,Udaipur,Barley,2017,37675.09,137679.07
Assam,Dibrugarh,Rice,2021,11874.92,23851.31
Bihar,Gaya,Potato,2017,25622.91,83922.59
Madhya Pradesh,Bhopal,Chickpea,2022,15316.35,48210.47
Gujarat,Rajkot,Onion,2012,31056.43,24847.5
Maharashtra,Kolhapur,Cotton,2021,48711.53,143393.55
Bihar,Bhagalpur,Lentil,2011,22436.04,59311.44
Rajasthan,Jaipur,Barley,2013,16892.29,42290.87
Karnataka,Mysore,Coconut,2019,31906.83,116365.13
Andhra Pradesh,East Godavari,Chickpea,2021,23565.07,30574.9
Haryana,Rohtak,Rice,2012,38148.97,146305.58
Assam,Sonitpur,Potato,2011,14426.12,16623.32
Madhya Pradesh,Indore,Wheat,2019,34695.41,30510.62
Maharashtra,Nagpur,Onion,2015,34231.29,52102.29
Himachal Pradesh,Kullu,Wheat,2018,35217.92,64044.79
West Bengal,Burdwan,Wheat,2012,4977.46,21870.98
Assam,Kamrup,Maize,2013,11606.44,24540.22
Bihar,Bhagalpur,Lentil,2019,12146.55,29867.83
Rajasthan,Udaipur,Wheat,2010,13776.13,27393.08
Gujarat,Rajkot,Groundnut,2011,11420.88,29923.41
Karnataka,Mysore,Maize,2015,10502.14,41055.03
Uttar Pradesh,Meerut,Lentil,2015,12439.32,19960.93
Telangana,Warangal,Maize,2018,7961.41,25030.8
Himachal Pradesh,Kullu,Wheat,2010,21820.19,27645.6
Telangana,Karimnagar,Groundnut,2013,15857.92,52201.61
Gujarat,Bharuch,Onion,2013,47898.2,68959.44
Haryana,Hisar,Rice,2017,28511.9,26613.61
Bihar,Muzaffarpur,Onion,2014,11880.85,51072.57
Telangana,Nalgonda,Rice,2013,37224.22,105384.41
Rajasthan,Udaipur,Mungbean,2010,43692.14,146216.87
Maharashtra,Pune,Mango,2012,1557.37,4761.7
Gujarat,Surat,Wheat,2012,48047.3,195802.98
Kerala,Thrissur,Rice,2022,35087.63,99134.28
Assam,Nagaon,Coconut,2015,15197.41,17590.99
Madhya Pradesh,Ujjain,Potato,2013,3938.62,7903.28
Kerala,Thrissur,Coconut,2018,19058.99,24563.76
Rajasthan,Kota,Mungbean,2021,1986.12,3870.92
Punjab,Amritsar,Barley,2019,5909.73,10340.19
Madhya Pradesh,Ujjain,Lentil,2011,805.3,3122.61
Himachal Pradesh,Mandi,Wheat,2019,30826.47,129580.91
Rajasthan,Jodhpur,Mothbeans,2023,41432.56,165592.94
Himachal Pradesh,Mandi,Barley,2016,44181.83,145530.35
Maharashtra,Pune,Cotton,2015,46735.17,155332.95
Bihar,Patna,Banana,2019,16327.85,58180.38
Gujarat,Surat,Cotton,2016,27573.68,35226.87
Assam,Sonitpur,Coconut,2012,9253.28,34967.63
Punjab,Amritsar,Maize,2017,13464.47,11300.04
Tamil Nadu,Chennai,Coconut,2012,46382.57,126751.81
Bihar,Muzaffarpur,Onion,2018,26556.47,86925.34
Andhra Pradesh,Guntur,Maize,2012,47118.39,212013.76
West Bengal,Kolkata,Potato,2020,47520.43,164402.83
Bihar,Gaya,Onion,2019,32556.29,72091.07
Odisha,Balasore,Jute,2021,39148.65,165742.65
Telangana,Karimnagar,Mango,2010,30103.72,38008.79
Bihar,Muzaffarpur,Maize,2023,27191.78,81279.02
Madhya Pradesh,Sagar,Onion,2022,11699.98,44916.68
Bihar,Muzaffarpur,Lentil,2012,27295.84,111518.4
West Bengal,Murshidabad,Potato,2018,17074.26,18550.23
Odisha,Ganjam,Coconut,2022,32533.56,82151.08
Assam,Dibrugarh,Rice,2013,46764.02,103629.69
Odisha,Ganjam,Coconut,2014,41852.59,97457.85
Rajasthan,Kota,Chickpea,2012,5627.14,7032.91
Telangana,Warangal,Maize,2019,13013.69,35103.33
Assam,Nagaon,Coconut,2017,3415.67,13068.8
Odisha,Puri,Coconut,2012,36218.96,54856.18
Maharashtra,Nagpur,Mango,2018,9996.63,13846.86
Gujarat,Junagadh,Mango,2017,43599.66,91390.18
Madhya Pradesh,Jabalpur,Onion,2016,26897.53,47998.82
Andhra Pradesh,Anantapur,Banana,2018,34143.83,29416.48
Gujarat,Junagadh,Wheat,2020,49281.6,45680.62
Uttar Pradesh,Kanpur,Tomato,2010,23179.54,21965.91
Kerala,Ernakulam,Banana,2010,7632.22,15960.92
Haryana,Sonipat,Barley,2014,26875.77,103573.52
Gujarat,Rajkot,Mango,2013,8635.22,6935.31
Karnataka,Hassan,Rice,2018,30458.23,115154.94
Bihar,Patna,Rice,2012,12381.66,46434.8
Andhra Pradesh,Kurnool,Cotton,2011,35480.36,71403.49
Kerala,Alappuzha,Banana,2017,27474.38,55932.11
Karnataka,Bangalore,Tomato,2020,5008.81,14803.9
Himachal Pradesh,Shimla,Wheat,2020,26141.92,36184.95
Karnataka,Belgaum,Cotton,2016,3538.92,13530.78
Tamil Nadu,Salem,Mango,2017,17619.72,49435.95
Rajasthan,Jaipur,Groundnut,2020,9655.5,40340.33
Gujarat,Rajkot,Rice,2013,20275.56,90706.77
Karnataka,Bangalore,Rice,2019,9829.95,17161.88
Madhya Pradesh,Jabalpur,Onion,2020,37712.35,96756.62
Karnataka,Raichur,Coffee,2013,25505.59,104859.3
Haryana,Ambala,Sunflower,2019,6469.02,17539.3
Haryana,Sonipat,Sunflower,2013,22130.09,66738.7
Bihar,Nalanda,Rice,2013,5581.32,4489.5
Rajasthan,Bikaner,Groundnut,2015,42953.44,38320.65
Telangana,Karimnagar,Rice,2019,40785.16,111339.92
Rajasthan,Udaipur,Wheat,2022,44049.2,161042.48
Haryana,Karnal,Sunflower,2017,38631.89,133594.48
Haryana,Sonipat,Chickpea,2016,45290.18,137145.03
Gujarat,Rajkot,Cotton,2019,28660.79,71509.86
Madhya Pradesh,Jabalpur,Lentil,2019,23804.14,35533.99
Himachal Pradesh,Shimla,Apple,2012,5963.21,22443.4
Telangana,Hyderabad,Cotton,2018,48835.3,77889.35
Karnataka,Belgaum,Rice,2020,13123.18,27854.3
Odisha,Cuttack,Jute,2014,11628.44,34677.79
Punjab,Patiala,Maize,2012,6540.08,22306.06
Bihar,Muzaffarpur,Lentil,2016,20138.76,57876.89
Himachal Pradesh,Kullu,Barley,2012,21972.08,56251.9
Odisha,Ganjam,Groundnut,2020,23511.19,75169.57
Andhra Pradesh,East Godavari,Chickpea,2010,915.13,2589.06
Andhra Pradesh,Kurnool,Banana,2013,17628.3,17861.11
Maharashtra,Aurangabad,Wheat,2015,41123.43,103825.95
Uttar Pradesh,Kanpur,Onion,2016,39317.74,36491.34
Kerala,Alappuzha,Coconut,2017,34223.39,65993.72
Himachal Pradesh,Mandi,Potato,2011,27917.72,107479.66
Andhra Pradesh,Guntur,Maize,2011,38585.57,80489.15
Andhra Pradesh,Anantapur,Onion,2012,13139.3,15569.18
Haryana,Hisar,Rice,2022,8197.81,25458.38
Tamil Nadu,Chennai,Rice,2011,43012.19,42288.94
Punjab,Ludhiana,Maize,2016,13707.34,54041.11
Andhra Pradesh,Krishna,Onion,2013,7194.42,12432.73
Tamil Nadu,Salem,Rice,2013,9266.12,30516.18
Maharashtra,Pune,Rice,2020,37682.89,129373.74
Karnataka,Raichur,Maize,2022,21006.96,31827.56
Andhra Pradesh,East Godavari,Onion,2019,17718.94,78356.22
Uttar Pradesh,Agra,Wheat,2012,41028.82,84673.81
Punjab,Ludhiana,Rice,2021,40031.73,106643.29
Madhya Pradesh,Sagar,Wheat,2021,30492.81,32394.27
Punjab,Patiala,Potato,2015,29785.98,66181.78
Karnataka,Hassan,Rice,2014,49873.21,152910.09
Telangana,Karimnagar,Maize,2012,29736.94,54366.49
Rajasthan,Kota,Mothbeans,2014,23885.29,99630.94
Kerala,Alappuzha,Rice,2016,29608.78,59015.37
Odisha,Balasore,Rice,2012,18494.69,38602.78
Maharashtra,Pune,Wheat,2020,41359.1,161681.0
Assam,Dibrugarh,Jute,2012,28334.78,116011.88
Maharashtra,Nashik,Tomato,2021,45808.91,43758.13
Rajasthan,Udaipur,Wheat,2018,19226.09,20304.85
Madhya Pradesh,Jabalpur,Wheat,2018,21118.43,40525.78
Gujarat,Junagadh,Potato,2012,2677.95,9422.45
Uttar Pradesh,Lucknow,Potato,2016,8843.97,11308.16
Uttar Pradesh,Lucknow,Lentil,2016,6327.75,9360.42
Gujarat,Ahmedabad,Rice,2018,11692.54,10173.82
Haryana,Ambala,Cotton,2015,7048.63,29169.65
Odisha,Puri,Maize,2011,43102.92,192783.03
Telangana,Hyderabad,Groundnut,2014,49024.77,139812.5
Rajasthan,Jodhpur,Barley,2021,28156.96,73022.27
Tamil Nadu,Thanjavur,Tomato,2015,10755.26,33368.44
Tamil Nadu,Salem,Rice,2020,44873.4,198582.28
Tamil Nadu,Salem,Tomato,2022,30060.57,121839.82
Punjab,Sangrur,Rice,2014,15316.34,22991.07
Telangana,Warangal,Rice,2017,17434.57,34604.36
Rajasthan,Kota,Mothbeans,2016,42636.6,86799.5
Rajasthan,Bikaner,Mungbean,2011,37115.35,110893.57
Bihar,Nalanda,Maize,2017,6021.66,21212.26
Telangana,Karimnagar,Chickpea,2014,36576.44,107699.27
Telangana,Hyderabad,Rice,2012,35681.39,152030.34
Assam,Nagaon,Banana,2019,12817.16,21615.81
Uttar Pradesh,Varanasi,Rice,2013,44868.99,143907.93
Bihar,Gaya,Onion,2010,37695.19,50588.63
Kerala,Kozhikode,Banana,2020,27554.53,67354.62
Tamil Nadu,Thanjavur,Banana,2012,14070.13,44481.29
Tamil Nadu,Salem,Rice,2019,30041.44,87148.25
Tamil Nadu,Madurai,Groundnut,2023,23012.93,43646.22
Assam,Sonitpur,Maize,2020,33449.55,106716.2
Telangana,Warangal,Chickpea,2017,36646.06,127019.9
Andhra Pradesh,Krishna,Chickpea,2017,15411.3,59738.49
Punjab,Ludhiana,Sunflower,2022,22318.49,50709.0
Uttar Pradesh,Meerut,Potato,2022,26333.1,41488.12
Uttar Pradesh,Kanpur,Tomato,2013,28802.69,51828.17
Uttar Pradesh,Agra,Wheat,2015,7673.62,13532.89
Haryana,Ambala,Potato,2015,10085.93,22985.1
Telangana,Karimnagar,Groundnut,2023,25627.53,94774.1
Karnataka,Mysore,Maize,2012,15137.6,12626.46
Karnataka,Belgaum,Maize,2020,21014.14,83097.47
Bihar,Gaya,Wheat,2018,30821.25,119461.6
Himachal Pradesh,Shimla,Maize,2016,4625.22,19617.89
Bihar,Muzaffarpur,Banana,2016,2143.27,9261.83
Tamil Nadu,Salem,Banana,2020,46876.72,39769.22
Haryana,Ambala,Potato,2017,30391.0,129532.05
Maharashtra,Pune,Pomegranate,2022,21216.6,69485.46
Uttar Pradesh,Meerut,Onion,2019,5928.52,6384.66
Tamil Nadu,Chennai,Tomato,2019,48022.22,57949.49
Rajasthan,Bikaner,Groundnut,2022,10871.71,9022.11
Haryana,Ambala,Sunflower,2015,39179.59,165433.32
Uttar Pradesh,Lucknow,Wheat,2017,42908.75,170885.87
Maharashtra,Nashik,Mango,2022,3563.07,8841.43
Uttar Pradesh,Kanpur,Tomato,2019,1698.63,3338.36
Tamil Nadu,Chennai,Tomato,2016,9685.91,31679.95
Kerala,Alappuzha,Rice,2011,17154.52,32085.21
Tamil Nadu,Thanjavur,Coconut,2017,9428.13,12623.63
Gujarat,Junagadh,Banana,2010,43149.35,134415.31
Punjab,Amritsar,Wheat,2014,7498.07,8607.51
West Bengal,Burdwan,Potato,2019,38081.04,117182.41
West Bengal,Burdwan,Rice,2011,13336.58,51489.4
Kerala,Alappuzha,Papaya,2012,28232.65,101489.54
Haryana,Ambala,Chickpea,2010,3799.71,8515.03
Telangana,Nalgonda,Chickpea,2011,5158.52,13422.98
Punjab,Patiala,Rice,2013,4497.93,13996.04
Bihar,Patna,Onion,2021,32630.82,142653.21
Tamil Nadu,Madurai,Coconut,2014,7044.52,13907.92
Maharashtra,Aurangabad,Mango,2016,26869.59,41730.58
Rajasthan,Udaipur,Barley,2022,8508.39,10229.07
Bihar,Gaya,Maize,2022,35259.84,98510.11
Maharashtra,Nashik,Tomato,2022,41780.93,50669.98
Telangana,Hyderabad,Rice,2023,14673.3,41777.77
West Bengal,Kolkata,Jute,2021,49858.28,105423.77
Tamil Nadu,Thanjavur,Coconut,2015,25084.98,47085.08
Punjab,Ludhiana,Barley,2020,30951.2,50793.89
Bihar,Nalanda,Rice,2022,29863.83,105674.89
Punjab,Sangrur,Wheat,2010,35244.94,71226.85
Maharashtra,Nashik,Mango,2010,10905.5,30760.02
Haryana,Karnal,Sunflower,2012,30942.79,39860.4
Andhra Pradesh,Anantapur,Chickpea,2012,12092.12,14037.09
West Bengal,Murshidabad,Wheat,2018,29310.53,122673.22
Kerala,Kozhikode,Papaya,2022,43181.24,165625.35
Haryana,Karnal,Potato,2020,31988.74,54783.29
Madhya Pradesh,Bhopal,Groundnut,2015,7834.35,11695.96
Tamil Nadu,Coimbatore,Cotton,2012,25268.4,24608.56
Haryana,Hisar,Cotton,2013,43299.5,38851.45
Tamil Nadu,Madurai,Cotton,2023,35943.65,58211.85
Tamil Nadu,Madurai,Banana,2019,1133.96,1668.77
Himachal Pradesh,Shimla,Apple,2020,10236.76,13287.11
Maharashtra,Nashik,Pomegranate,2016,29624.25,65209.47
Bihar,Nalanda,Banana,2022,27314.2,93903.36
Tamil Nadu,Chennai,Cotton,2013,18716.61,58288.01
Telangana,Karimnagar,Chickpea,2016,14697.72,30207.59
Maharashtra,Pune,Onion,2018,5849.37,5529.03
Madhya Pradesh,Ujjain,Lentil,2013,29004.38,90094.56
Bihar,Gaya,Maize,2019,12028.29,42398.19
Uttar Pradesh,Varanasi,Maize,2015,8030.84,25599.35
Bihar,Patna,Rice,2010,33436.42,120608.48
Kerala,Ernakulam,Papaya,2013,3437.7,8696.12
West Bengal,Burdwan,Wheat,2022,40196.14,115597.8
Andhra Pradesh,Guntur,Banana,2021,48215.09,209723.89
Uttar Pradesh,Varanasi,Lentil,2018,10416.58,43123.58
Punjab,Jalandhar,Sunflower,2023,48860.29,49436.63
Tamil Nadu,Coimbatore,Rice,2018,41461.26,73968.25
Andhra Pradesh,Krishna,Onion,2023,44416.24,138103.91
Telangana,Hyderabad,Maize,2021,23255.62,67688.17
Tamil Nadu,Thanjavur,Banana,2016,30109.34,103222.97
Telangana,Hyderabad,Maize,2011,1774.79,6483.5
West Bengal,Murshidabad,Jute,2019,42646.99,50103.43
Telangana,Warangal,Cotton,2023,21549.03,51842.69
Madhya Pradesh,Indore,Cotton,2023,37818.76,61695.96
Kerala,Alappuzha,Coffee,2012,40770.67,172786.24
Gujarat,Junagadh,Groundnut,2012,23822.72,34339.99
Karnataka,Bangalore,Mango,2016,28705.01,30077.24
Kerala,Alappuzha,Banana,2016,2436.22,2074.18
Karnataka,Hassan,Coffee,2021,21819.45,87916.22
Himachal Pradesh,Kullu,Maize,2013,1166.27,2334.13
Rajasthan,Udaipur,Chickpea,2013,33526.75,57896.46
Madhya Pradesh,Jabalpur,Chickpea,2020,37683.47,38446.87
Haryana,Ambala,Rice,2015,9516.83,16936.36
West Bengal,Nadia,Coconut,2011,24389.05,34782.49
Punjab,Jalandhar,Maize,2019,35876.73,39376.27
Haryana,Karnal,Potato,2014,49469.6,114476.14
Telangana,Karimnagar,Chickpea,2020,24007.12,94590.01
West Bengal,Burdwan,Jute,2014,14505.7,21648.11
Telangana,Karimnagar,Mango,2019,25418.45,109468.44
Himachal Pradesh,Kangra,Wheat,2014,29790.51,47818.62
Kerala,Kozhikode,Rice,2014,14909.69,25448.63
Karnataka,Raichur,Coconut,2010,37596.55,150537.96
Madhya Pradesh,Indore,Wheat,2013,46311.99,161664.72
Telangana,Karimnagar,Groundnut,2016,17793.58,34270.11
Maharashtra,Aurangabad,Wheat,2019,49284.68,74039.13
Gujarat,Junagadh,Wheat,2015,5578.03,19566.24
Bihar,Nalanda,Potato,2012,49049.97,155046.03
Gujarat,Rajkot,Wheat,2010,47625.98,154209.01
Tamil Nadu,Madurai,Mango,2021,37402.94,90646.53
Punjab,Ludhiana,Potato,2017,20076.63,57970.55
Tamil Nadu,Coimbatore,Mango,2011,26660.86,53660.56
Uttar Pradesh,Kanpur,Rice,2017,37190.82,43610.08
Madhya Pradesh,Ujjain,Chickpea,2017,34766.96,80406.23
Haryana,Hisar,Sunflower,2020,36531.03,150746.72
Tamil Nadu,Salem,Mango,2014,11591.32,31054.84
Tamil Nadu,Thanjavur,Cotton,2019,6293.94,22361.77
Haryana,Rohtak,Wheat,2017,43408.03,55754.5
Andhra Pradesh,Guntur,Mango,2012,47625.2,161284.83
Punjab,Patiala,Sunflower,2010,34006.09,45268.1
Uttar Pradesh,Agra,Chickpea,2022,34819.49,120651.07
Gujarat,Junagadh,Mango,2011,1733.36,3062.0
Bihar,Patna,Potato,2023,2862.24,5808.88
Bihar,Bhagalpur,Banana,2017,25199.98,29098.87
West Bengal,Hooghly,Banana,2021,36121.52,35322.17
Gujarat,Junagadh,Banana,2018,22400.4,76093.99
Tamil Nadu,Salem,Tomato,2021,5309.41,18876.01
Rajasthan,Kota,Barley,2019,36501.84,54058.2
Rajasthan,Kota,Mungbean,2018,11814.32,36791.39
Rajasthan,Bikaner,Groundnut,2011,32180.15,123292.37
Maharashtra,Kolhapur,Pomegranate,2018,12799.0,38960.84
Tamil Nadu,Chennai,Rice,2014,15007.49,13789.07
Telangana,Nalgonda,Rice,2018,21665.25,23195.18
Bihar,Patna,Wheat,2021,28429.46,63824.89
Assam,Sonitpur,Rice,2011,48879.46,107749.96
Telangana,Hyderabad,Maize,2013,14493.16,35677.72
Odisha,Ganjam,Coconut,2017,22234.46,40149.92
Assam,Dibrugarh,Coconut,2016,17546.93,35140.16
West Bengal,Murshidabad,Rice,2023,39299.02,128329.61
Karnataka,Bangalore,Coffee,2018,33956.4,134160.11
Karnataka,Mysore,Tomato,2012,43647.06,162718.43
Tamil Nadu,Madurai,Groundnut,2011,7164.1,7147.46
Andhra Pradesh,Krishna,Cotton,2014,49747.26,66973.22
Punjab,Patiala,Potato,2014,6887.65,8264.18
Punjab,Jalandhar,Cotton,2011,49295.42,130781.89
Bihar,Nalanda,Banana,2015,42871.44,87358.0
Haryana,Rohtak,Rice,2018,48968.7,70878.4
Odisha,Puri,Groundnut,2014,20582.67,23062.78
Maharashtra,Nashik,Onion,2010,23023.08,32601.79
Tamil Nadu,Thanjavur,Cotton,2018,4387.12,17950.22
Andhra Pradesh,East Godavari,Groundnut,2013,26973.99,115754.8
Karnataka,Bangalore,Coconut,2023,40354.81,77291.91
Bihar,Muzaffarpur,Wheat,2010,16299.79,30128.99
Haryana,Hisar,Barley,2015,31547.52,92959.08
Karnataka,Bangalore,Coffee,2019,3182.94,10659.6
Karnataka,Raichur,Cotton,2015,36138.16,109115.06
Bihar,Nalanda,Wheat,2014,15101.63,15095.88
Telangana,Hyderabad,Mango,2011,25634.82,48702.88
Tamil Nadu,Thanjavur,Tomato,2018,24169.13,58064.47
Maharashtra,Aurangabad,Cotton,2023,30827.04,80577.29
Gujarat,Ahmedabad,Wheat,2014,14130.85,49502.85
Himachal Pradesh,Kullu,Wheat,2021,4003.3,3537.62
Punjab,Patiala,Sunflower,2018,45823.38,103087.16
Assam,Nagaon,Maize,2016,19147.37,56479.67
Haryana,Hisar,Chickpea,2012,4729.97,6495.95
Gujarat,Ahmedabad,Rice,2015,42232.39,41833.09
Uttar Pradesh,Meerut,Rice,2021,1575.61,6535.22
Assam,Sonitpur,Potato,2017,26372.98,74208.45
West Bengal,Nadia,Coconut,2015,26733.43,83214.75
Odisha,Puri,Coconut,2011,3616.91,10851.78
Andhra Pradesh,Anantapur,Banana,2023,49436.21,51720.58
Uttar Pradesh,Meerut,Potato,2023,27649.13,104352.49
Haryana,Rohtak,Chickpea,2019,21139.44,53098.02
Andhra Pradesh,Anantapur,Maize,2016,14623.31,40452.7
Telangana,Warangal,Cotton,2011,35705.1,63023.39
Assam,Nagaon,Banana,2011,37273.99,117124.52
Punjab,Amritsar,Sunflower,2015,577.08,2030.53
Rajasthan,Jodhpur,Mothbeans,2015,48103.05,105066.11
Haryana,Sonipat,Potato,2013,36455.11,131582.94
Punjab,Sangrur,Potato,2020,41348.31,161733.31
Rajasthan,Kota,Wheat,2021,27673.0,50371.07
Tamil Nadu,Thanjavur,Tomato,2012,4204.22,4137.33
West Bengal,Murshidabad,Banana,2018,45170.78,69665.14
Madhya Pradesh,Jabalpur,Potato,2011,45328.93,121923.04
Assam,Kamrup,Coconut,2021,42634.1,78303.67
Uttar Pradesh,Varanasi,Maize,2011,46171.54,130426.55
Punjab,Jalandhar,Wheat,2021,40200.62,47133.22
Telangana,Karimnagar,Rice,2016,15857.51,31231.92
Himachal Pradesh,Kangra,Apple,2019,23410.57,62288.17
Karnataka,Mysore,Rice,2011,14884.41,39447.61
Maharashtra,Nagpur,Onion,2021,5575.48,21435.44
Gujarat,Ahmedabad,Banana,2023,19167.69,60111.09
West Bengal,Kolkata,Potato,2023,33950.29,59968.59
Haryana,Karnal,Rice,2016,20187.46,36314.13
Telangana,Karimnagar,Groundnut,2022,11123.61,31314.62
Tamil Nadu,Coimbatore,Cotton,2021,2226.45,2103.28
Gujarat,Surat,Rice,2020,22540.87,73820.93
Punjab,Sangrur,Barley,2021,12097.23,26261.56
West Bengal,Burdwan,Wheat,2017,20926.3,80773.46
Himachal Pradesh,Kangra,Wheat,2022,28619.75,84784.26
Karnataka,Hassan,Rice,2012,21064.86,35475.46
Kerala,Kozhikode,Coffee,2018,16395.25,13191.6
Telangana,Karimnagar,Groundnut,2010,25880.86,48111.32
Karnataka,Bangalore,Mango,2012,21295.1,86113.75
Karnataka,Mysore,Groundnut,2016,46376.77,203888.72
Kerala,Kozhikode,Rice,2017,2601.54,4927.94
Bihar,Gaya,Lentil,2015,2163.66,4894.3
Maharashtra,Pune,Wheat,2021,8805.1,39272.78
West Bengal,Burdwan,Jute,2023,31628.95,51418.67
West Bengal,Kolkata,Wheat,2019,49144.39,144020.7
Maharashtra,Nashik,Cotton,2017,17629.7,47100.06
Punjab,Amritsar,Maize,2020,33591.74,129801.85
Gujarat,Bharuch,Groundnut,2014,5691.41,16896.22
Haryana,Sonipat,Barley,2011,36650.4,133193.94
Uttar Pradesh,Kanpur,Chickpea,2021,23538.51,87375.72
Karnataka,Bangalore,Coconut,2018,26610.58,75665.03
Gujarat,Junagadh,Groundnut,2010,33600.96,120666.54
Tamil Nadu,Madurai,Tomato,2023,8666.24,10656.62
Haryana,Karnal,Rice,2020,8758.5,15099.22
Odisha,Puri,Jute,2015,22849.73,75455.24
Gujarat,Rajkot,Potato,2016,33416.78,52676.75
Haryana,Ambala,Rice,2013,13945.04,26415.83
Gujarat,Bharuch,Mango,2016,41873.07,109737.66
Andhra Pradesh,East Godavari,Maize,2022,40192.5,88235.1
Maharashtra,Pune,Cotton,2014,7956.01,33990.3
Karnataka,Hassan,Tomato,2015,9772.03,20793.21
Karnataka,Belgaum,Groundnut,2017,2560.74,6185.52
Assam,Nagaon,Coconut,2023,6029.45,13985.59
Himachal Pradesh,Shimla,Potato,2017,46935.22,194347.76
Kerala,Ernakulam,Rice,2021,14504.66,56083.59
Madhya Pradesh,Ujjain,Chickpea,2014,49509.86,197489.73
Uttar Pradesh,Kanpur,Onion,2017,42027.77,122994.26
Gujarat,Ahmedabad,Cotton,2012,45493.18,138127.29
Karnataka,Bangalore,Coffee,2011,41066.26,90974.75
Haryana,Hisar,Cotton,2023,33665.4,129159.58
Punjab,Amritsar,Wheat,2015,42818.09,186619.4
Madhya Pradesh,Jabalpur,Chickpea,2021,14445.67,53233.0
Gujarat,Surat,Mango,2023,32304.86,63684.33
Madhya Pradesh,Jabalpur,Groundnut,2017,19360.23,31067.06
Assam,Nagaon,Jute,2010,34680.12,124871.81
Madhya Pradesh,Jabalpur,Groundnut,2014,13472.51,43386.05
Punjab,Patiala,Cotton,2013,9124.56,25474.5
Gujarat,Junagadh,Banana,2015,32528.88,142942.43
Tamil Nadu,Thanjavur,Mango,2015,28448.99,61247.91
Bihar,Gaya,Rice,2023,37637.34,72250.05
Assam,Sonitpur,Potato,2010,34742.15,121987.78
Rajasthan,Kota,Wheat,2020,32193.81,75298.46
Punjab,Ludhiana,Rice,2023,36627.74,117606.93
Kerala,Thrissur,Banana,2023,22484.36,90701.03
Tamil Nadu,Coimbatore,Cotton,2010,10841.57,12333.56
West Bengal,Nadia,Banana,2019,49408.29,197097.41
Karnataka,Belgaum,Rice,2021,35535.7,124988.46
Odisha,Cuttack,Jute,2023,22158.29,20995.42
Himachal Pradesh,Kullu,Potato,2010,38771.57,42461.95
Andhra Pradesh,Anantapur,Rice,2020,33857.48,99679.81
Madhya Pradesh,Sagar,Cotton,2020,16033.9,69307.06
Bihar,Patna,Banana,2012,16733.77,30416.68
Bihar,Muzaffarpur,Banana,2021,25972.64,65693.95
Karnataka,Bangalore,Maize,2011,16157.3,22826.67
Madhya Pradesh,Indore,Groundnut,2016,20486.47,88198.17
Assam,Sonitpur,Jute,2013,4196.31,4250.28
Gujarat,Ahmedabad,Wheat,2011,36076.01,35605.61
Madhya Pradesh,Bhopal,Potato,2019,10824.17,43076.28
Himachal Pradesh,Mandi,Barley,2015,8992.96,26940.85
Karnataka,Raichur,Maize,2023,40627.12,49212.28
Himachal Pradesh,Mandi,Potato,2016,25272.2,88511.03
Punjab,Amritsar,Potato,2010,28091.88,114927.3
Madhya Pradesh,Sagar,Onion,2018,12725.96,37501.69
Telangana,Nalgonda,Rice,2022,14632.65,65690.75
Assam,Kamrup,Banana,2014,35470.92,142717.39
Karnataka,Mysore,Groundnut,2023,29580.03,61519.12
Himachal Pradesh,Shimla,Apple,2022,4728.24,16657.82
Rajasthan,Kota,Wheat,2013,43872.05,135208.66
Assam,Nagaon,Maize,2023,9382.71,39983.75
Telangana,Karimnagar,Rice,2010,11816.65,37641.67
Himachal Pradesh,Kangra,Potato,2020,33121.69,73554.89
Haryana,Karnal,Wheat,2014,30107.58,83582.65
Andhra Pradesh,Guntur,Mango,2022,11313.66,40755.41
Tamil Nadu,Coimbatore,Rice,2012,4142.28,8680.63
Karnataka,Raichur,Maize,2014,32750.72,46677.25
Assam,Nagaon,Banana,2012,24164.09,100780.72
Haryana,Sonipat,Wheat,2023,44640.97,130712.79
Kerala,Alappuzha,Banana,2011,34741.28,135562.9
Haryana,Karnal,Sunflower,2011,33663.58,54487.96
Uttar Pradesh,Meerut,Wheat,2011,28987.53,91585.83
Maharashtra,Pune,Mango,2014,49119.01,73718.22
Rajasthan,Udaipur,Chickpea,2015,17306.34,25873.2
Haryana,Sonipat,Barley,2023,4332.74,12788.05
Kerala,Ernakulam,Coconut,2016,10150.72,43228.76
Assam,Nagaon,Coconut,2020,32339.04,87774.12
Gujarat,Junagadh,Onion,2022,9419.22,38788.53
West Bengal,Murshidabad,Jute,2018,15615.89,52337.6
Punjab,Patiala,Cotton,2014,9209.38,18458.85
Telangana,Karimnagar,Rice,2011,4576.26,18944.2
Karnataka,Mysore,Tomato,2016,24951.75,79648.43
Uttar Pradesh,Varanasi,Onion,2010,46120.64,195602.09
Kerala,Thrissur,Rice,2020,41043.91,58851.56
Odisha,Puri,Groundnut,2012,4757.9,4341.99
Rajasthan,Udaipur,Mothbeans,2017,10970.35,47439.79
Punjab,Jalandhar,Maize,2021,28367.51,61299.92
Rajasthan,Jodhpur,Mothbeans,2010,24647.76,51596.76
Punjab,Sangrur,Potato,2021,14356.21,45470.8
Gujarat,Surat,Cotton,2010,49210.08,72955.18
Karnataka,Belgaum,Tomato,2010,35145.98,146659.98
Odisha,Balasore,Groundnut,2017,17788.35,25712.88
Andhra Pradesh,Guntur,Mango,2014,24817.53,53659.37
Andhra Pradesh,Krishna,Groundnut,2023,24538.93,108375.82
Assam,Kamrup,Jute,2015,14702.78,47007.09
Karnataka,Bangalore,Cotton,2020,30812.5,25217.79
West Bengal,Burdwan,Potato,2015,1463.07,3341.24
Punjab,Sangrur,Maize,2022,13436.84,18820.94
Uttar Pradesh,Agra,Tomato,2015,11105.27,36338.18
Uttar Pradesh,Varanasi,Onion,2022,26802.2,43267.67
Assam,Sonitpur,Banana,2020,46802.38,181072.0
Bihar,Muzaffarpur,Banana,2020,39541.55,115773.69
Uttar Pradesh,Varanasi,Chickpea,2019,15177.36,21729.27
Madhya Pradesh,Ujjain,Lentil,2012,49405.71,184553.14
Gujarat,Junagadh,Rice,2022,30420.98,93809.05
Himachal Pradesh,Shimla,Potato,2021,6276.74,26381.53
Rajasthan,Kota,Chickpea,2016,34498.9,90263.26
West Bengal,Murshidabad,Rice,2012,30315.54,34420.22
Madhya Pradesh,Bhopal,Cotton,2018,31010.88,106613.94
Uttar Pradesh,Agra,Wheat,2022,27667.9,59003.9
Punjab,Ludhiana,Rice,2010,31163.01,134458.95
Karnataka,Belgaum,Mango,2022,48063.28,110565.36
Haryana,Ambala,Cotton,2020,46525.36,196278.3
Gujarat,Surat,Mango,2021,7363.08,15655.0
Gujarat,Ahmedabad,Wheat,2021,25101.55,32001.8
Maharashtra,Aurangabad,Wheat,2023,13783.23,37082.32
Uttar Pradesh,Meerut,Wheat,2014,28980.24,57297.06
Rajasthan,Udaipur,Barley,2023,17415.14,25877.45
Maharashtra,Pune,Wheat,2017,18823.77,51156.6
Uttar Pradesh,Lucknow,Lentil,2014,13508.64,30712.61
Uttar Pradesh,Varanasi,Tomato,2017,1056.9,1867.85
Karnataka,Raichur,Groundnut,2014,6618.35,21156.87
Gujarat,Ahmedabad,Wheat,2016,44487.84,147167.97
Punjab,Sangrur,Potato,2022,22807.09,50517.93
Gujarat,Bharuch,Groundnut,2020,20489.57,31514.88
Tamil Nadu,Coimbatore,Rice,2015,16557.9,33088.01
Punjab,Ludhiana,Maize,2011,34325.37,37403.78
Assam,Sonitpur,Banana,2023,34921.24,129679.16
Andhra Pradesh,Guntur,Rice,2022,47950.94,51128.39
Assam,Nagaon,Coconut,2013,35273.73,128957.0
Bihar,Gaya,Potato,2018,711.62,3138.34
Maharashtra,Pune,Pomegranate,2011,32194.11,105648.51
Odisha,Cuttack,Rice,2020,42151.68,138245.71
West Bengal,Burdwan,Jute,2016,9601.29,25810.74
Assam,Nagaon,Jute,2022,20828.95,56343.84
Himachal Pradesh,Kullu,Barley,2013,20582.46,25533.2
Uttar Pradesh,Meerut,Chickpea,2017,43712.29,99464.7
Maharashtra,Nashik,Tomato,2016,24623.51,91264.42
Odisha,Puri,Coconut,2023,43105.88,167544.21
Himachal Pradesh,Shimla,Barley,2022,24908.48,99613.18
Assam,Sonitpur,Jute,2023,3309.18,7890.23
Telangana,Hyderabad,Mango,2013,12384.72,23700.04
Odisha,Puri,Groundnut,2019,39953.45,97316.85
Bihar,Gaya,Maize,2010,47476.92,55809.96
Punjab,Ludhiana,Rice,2012,12723.47,49187.75
Haryana,Hisar,Wheat,2013,8592.62,35042.99
Gujarat,Bharuch,Wheat,2013,41355.91,60852.27
Madhya Pradesh,Indore,Chickpea,2012,16695.26,39340.16
Gujarat,Bharuch,Cotton,2015,21019.66,55778.33
Rajasthan,Jaipur,Mungbean,2022,37460.47,106772.78
Odisha,Puri,Jute,2017,20589.44,27492.89
Kerala,Thrissur,Papaya,2020,8878.35,16756.31
West Bengal,Kolkata,Jute,2011,45420.36,56035.83
Assam,Nagaon,Maize,2021,24047.15,54798.66
Odisha,Cuttack,Groundnut,2018,36638.91,123988.02
Himachal Pradesh,Mandi,Potato,2023,24674.29,32714.9
Haryana,Karnal,Potato,2023,31916.94,138585.84
Karnataka,Bangalore,Coconut,2013,28156.55,49103.07
Maharashtra,Kolhapur,Cotton,2013,34214.01,147328.04
Uttar Pradesh,Agra,Rice,2019,23949.96,69507.4
Andhra Pradesh,East Godavari,Rice,2013,18340.58,44791.23
West Bengal,Kolkata,Potato,2013,22380.5,96577.16
Haryana,Karnal,Chickpea,2015,37835.24,35424.39
Gujarat,Rajkot,Groundnut,2023,46354.65,91810.42
Andhra Pradesh,East Godavari,Rice,2015,45608.47,101851.55
Bihar,Bhagalpur,Wheat,2022,34743.43,43267.97
Himachal Pradesh,Shimla,Barley,2011,45413.15,66652.42
Madhya Pradesh,Ujjain,Potato,2012,25202.45,91080.8
Andhra Pradesh,Anantapur,Groundnut,2021,9400.87,35447.36
Himachal Pradesh,Kullu,Maize,2020,2157.5,7078.56
Bihar,Nalanda,Lentil,2014,20172.93,88054.17
Assam,Dibrugarh,Jute,2020,16987.25,17201.3
West Bengal,Burdwan,Rice,2015,17514.37,63892.66
Tamil Nadu,Thanjavur,Groundnut,2022,15644.83,51633.45
Tamil Nadu,Thanjavur,Banana,2015,1072.87,3113.2
Uttar Pradesh,Agra,Potato,2018,40273.94,68352.96
Madhya Pradesh,Bhopal,Wheat,2011,8273.51,14895.03
West Bengal,Murshidabad,Coconut,2019,44559.99,192630.2
Madhya Pradesh,Jabalpur,Potato,2016,42558.72,178286.12
Uttar Pradesh,Agra,Potato,2021,31817.4,82782.14
Karnataka,Bangalore,Rice,2017,18619.33,36266.31
West Bengal,Burdwan,Banana,2011,31851.56,140545.92
Karnataka,Raichur,Mango,2013,2273.27,3694.74
Maharashtra,Aurangabad,Rice,2014,44679.67,92562.9
Uttar Pradesh,Lucknow,Tomato,2016,42270.8,177865.82
Gujarat,Rajkot,Mango,2022,35298.82,113237.89
Gujarat,Bharuch,Groundnut,2016,14378.6,56534.8
Haryana,Sonipat,Barley,2018,36722.87,129565.04
Gujarat,Rajkot,Groundnut,2021,8726.97,10486.8
Maharashtra,Kolhapur,Pomegranate,2023,25314.93,37730.46
Maharashtra,Aurangabad,Rice,2021,5886.78,7296.12
Rajasthan,Bikaner,Mungbean,2020,18792.47,55016.75
Haryana,Sonipat,Rice,2014,10789.21,11333.33
Himachal Pradesh,Kullu,Barley,2017,11110.03,36939.43
Karnataka,Bangalore,Coffee,2016,19695.05,77189.43
Odisha,Cuttack,Maize,2015,18632.92,22437.25
Punjab,Patiala,Maize,2010,40898.32,65964.76
West Bengal,Murshidabad,Wheat,2016,16711.27,34121.53
Telangana,Karimnagar,Mango,2018,49607.54,144114.26
Kerala,Thrissur,Rice,2010,21013.14,45768.11
Bihar,Patna,Maize,2013,5941.57,18804.37
Madhya Pradesh,Sagar,Cotton,2010,36671.97,66199.04
Maharashtra,Pune,Onion,2014,29486.54,109766.15
Punjab,Patiala,Rice,2018,45946.39,170324.36
Telangana,Nalgonda,Maize,2014,8773.77,35732.53
Andhra Pradesh,Anantapur,Chickpea,2020,36851.35,150665.82
Gujarat,Ahmedabad,Potato,2011,48162.74,213803.72
Karnataka,Bangalore,Rice,2015,7627.26,26545.09
Andhra Pradesh,East Godavari,Cotton,2020,34998.71,29538.2
Bihar,Bhagalpur,Wheat,2011,41616.76,156128.5
Tamil Nadu,Madurai,Rice,2021,23665.46,29412.08
Maharashtra,Pune,Groundnut,2021,12132.15,39767.81
Himachal Pradesh,Kangra,Maize,2014,42946.53,171765.68
Madhya Pradesh,Bhopal,Cotton,2014,36137.3,147977.61
Rajasthan,Udaipur,Chickpea,2010,20903.63,18215.51
Andhra Pradesh,Krishna,Mango,2011,38211.62,166040.61
Uttar Pradesh,Kanpur,Maize,2018,32548.1,57982.95
Bihar,Bhagalpur,Onion,2016,43445.21,144990.61
Odisha,Puri,Coconut,2019,41711.39,97182.67
Maharashtra,Nashik,Pomegranate,2017,714.59,2350.9
Maharashtra,Nashik,Mango,2021,39192.8,85914.07
Uttar Pradesh,Lucknow,Maize,2020,13394.87,39594.01
Karnataka,Raichur,Groundnut,2010,1070.74,2499.17
Punjab,Amritsar,Maize,2023,49348.4,119032.53
Uttar Pradesh,Kanpur,Lentil,2013,14803.63,34269.68
Himachal Pradesh,Kangra,Apple,2011,31532.93,33374.35
Bihar,Patna,Onion,2017,6822.44,26064.8
Madhya Pradesh,Bhopal,Cotton,2021,33707.64,65648.33
Gujarat,Rajkot,Banana,2022,26510.35,104410.37
Karnataka,Bangalore,Maize,2016,11012.69,11989.68
Andhra Pradesh,East Godavari,Rice,2012,15808.29,31743.27
Andhra Pradesh,Guntur,Rice,2016,10670.21,26286.06
Gujarat,Surat,Groundnut,2013,23241.75,101522.42
Rajasthan,Jodhpur,Mungbean,2017,917.16,2758.92
Kerala,Alappuzha,Coffee,2023,28076.94,93311.66
Karnataka,Bangalore,Mango,2017,46695.22,91924.54
Gujarat,Bharuch,Mango,2010,38169.63,83539.75
West Bengal,Nadia,Banana,2014,13395.9,30600.14
Bihar,Patna,Wheat,2015,5994.11,10110.54
Madhya Pradesh,Bhopal,Potato,2015,31977.07,59223.99
Andhra Pradesh,East Godavari,Cotton,2023,33969.41,143919.22
Telangana,Hyderabad,Rice,2014,17101.39,58959.01
Odisha,Ganjam,Groundnut,2013,38017.42,42262.5
West Bengal,Murshidabad,Coconut,2022,25059.6,100338.67
Madhya Pradesh,Ujjain,Groundnut,2018,33641.03,113714.82
Karnataka,Raichur,Groundnut,2018,47111.89,146780.11
Madhya Pradesh,Bhopal,Potato,2014,35742.97,114959.44
Kerala,Thrissur,Banana,2014,20485.17,38267.68
Kerala,Alappuzha,Coconut,2015,45196.79,175346.07
Odisha,Ganjam,Coconut,2010,28123.39,74368.59
Karnataka,Raichur,Maize,2018,41124.45,59525.87
Maharashtra,Kolhapur,Tomato,2020,46852.88,198185.94
Bihar,Patna,Potato,2014,29999.39,64235.08
Andhra Pradesh,Guntur,Cotton,2021,11404.17,40895.7
Gujarat,Bharuch,Rice,2010,2692.53,9945.15
Himachal Pradesh,Mandi,Potato,2022,11678.38,30330.41
Andhra Pradesh,Anantapur,Maize,2015,6666.09,15657.82
Andhra Pradesh,Kurnool,Onion,2018,40486.5,138024.51
Gujarat,Rajkot,Rice,2023,24811.08,58526.66
Andhra Pradesh,Kurnool,Maize,2023,41942.87,182998.71
Punjab,Jalandhar,Wheat,2020,24483.19,101077.26
Bihar,Patna,Wheat,2013,49308.83,105414.1
Assam,Dibrugarh,Rice,2018,8810.49,20975.31
Odisha,Cuttack,Groundnut,2016,21590.91,94916.35
Punjab,Jalandhar,Barley,2018,45760.78,53315.75
Andhra Pradesh,Krishna,Banana,2012,29493.7,28783.91
Telangana,Hyderabad,Groundnut,2018,38142.61,74564.33
Tamil Nadu,Madurai,Tomato,2017,32848.01,116237.27
Madhya Pradesh,Ujjain,Cotton,2019,41452.69,172046.3
Andhra Pradesh,East Godavari,Maize,2013,37075.75,96506.13
Telangana,Nalgonda,Cotton,2021,987.91,2452.61
Himachal Pradesh,Mandi,Wheat,2015,19731.26,72303.57
Odisha,Puri,Groundnut,2015,24820.35,60230.18
Maharashtra,Nashik,Rice,2017,26059.53,21901.34
Tamil Nadu,Madurai,Groundnut,2015,6857.29,8067.55
Punjab,Jalandhar,Sunflower,2014,2718.92,5108.85
Himachal Pradesh,Kangra,Maize,2011,11213.63,29696.84
Rajasthan,Jaipur,Mothbeans,2011,36821.98,93379.5
Karnataka,Raichur,Coconut,2011,26566.62,76906.27
Haryana,Ambala,Chickpea,2013,14788.1,23508.3
Uttar Pradesh,Varanasi,Tomato,2023,12277.87,49631.5
Telangana,Karimnagar,Maize,2022,42008.65,146285.71
Maharashtra,Nagpur,Groundnut,2016,40236.88,73693.69
Punjab,Amritsar,Cotton,2021,41760.31,42017.76
Andhra Pradesh,Kurnool,Chickpea,2014,17966.56,26325.92
Rajasthan,Jaipur,Mungbean,2016,32868.26,78173.43
Andhra Pradesh,Krishna,Mango,2018,21953.34,97231.3
Karnataka,Raichur,Mango,2018,48967.04,164185.31
Madhya Pradesh,Bhopal,Lentil,2014,36954.36,107403.31
Assam,Kamrup,Maize,2022,42670.27,110993.47
Bihar,Bhagalpur,Banana,2010,35162.06,66267.53
Kerala,Alappuzha,Coconut,2019,44949.97,68941.4
Gujarat,Ahmedabad,Banana,2019,39091.25,96487.75
Himachal Pradesh,Kullu,Wheat,2011,27230.69,49746.93
Maharashtra,Nashik,Onion,2016,31397.71,61814.74
Maharashtra,Kolhapur,Cotton,2020,49852.64,115209.69
Assam,Sonitpur,Maize,2010,10141.84,26066.42
Uttar Pradesh,Agra,Tomato,2021,17999.68,59812.05
West Bengal,Burdwan,Coconut,2018,15813.93,60799.23
Andhra Pradesh,East Godavari,Onion,2022,7771.94,27514.25
Maharashtra,Aurangabad,Mango,2011,38067.91,80872.68
Andhra Pradesh,Anantapur,Maize,2010,40411.61,37821.17
Kerala,Thrissur,Papaya,2014,10305.93,11991.07
Assam,Sonitpur,Rice,2023,27440.87,35479.67
Bihar,Bhagalpur,Rice,2018,14146.01,63053.89
Maharashtra,Pune,Pomegranate,2012,40550.41,92913.29
Andhra Pradesh,Kurnool,Maize,2020,21604.11,37944.52
Rajasthan,Jodhpur,Mungbean,2013,40759.76,88864.64
Himachal Pradesh,Kangra,Maize,2023,2093.41,7017.52
Andhra Pradesh,Krishna,Chickpea,2022,37471.47,110847.89
Telangana,Karimnagar,Cotton,2010,17787.0,18931.22
West Bengal,Hooghly,Coconut,2014,18765.38,33909.0
Tamil Nadu,Chennai,Banana,2013,15265.49,40070.11
Madhya Pradesh,Ujjain,Potato,2017,5985.17,24611.36
Assam,Sonitpur,Maize,2011,20450.1,19532.54
Assam,Kamrup,Jute,2021,6398.43,16982.31
Madhya Pradesh,Indore,Lentil,2022,13139.5,19035.36
Assam,Dibrugarh,Jute,2016,14188.12,18108.51
Andhra Pradesh,Krishna,Banana,2020,12368.49,37087.45
Tamil Nadu,Thanjavur,Banana,2022,43056.39,147236.11
Andhra Pradesh,Kurnool,Onion,2017,28844.83,42499.51
Tamil Nadu,Madurai,Coconut,2011,36006.54,159362.39
Himachal Pradesh,Kangra,Maize,2019,506.19,2089.32
Madhya Pradesh,Bhopal,Onion,2013,18678.49,27588.74
Haryana,Ambala,Sunflower,2014,43912.32,80743.57
Assam,Dibrugarh,Banana,2021,31877.62,78876.12
Bihar,Nalanda,Lentil,2020,22691.46,98300.86
Gujarat,Surat,Cotton,2023,33397.84,65037.06
Haryana,Hisar,Barley,2022,39772.48,141012.75
Madhya Pradesh,Jabalpur,Onion,2023,26128.85,78725.4
Gujarat,Bharuch,Wheat,2022,6685.95,29002.87
Maharashtra,Aurangabad,Onion,2023,31592.52,136102.26
Andhra Pradesh,Guntur,Mango,2023,44587.17,136650.97
Maharashtra,Kolhapur,Cotton,2011,20600.06,34185.07
West Bengal,Kolkata,Banana,2015,40304.98,170076.79
Kerala,Thrissur,Coffee,2019,25461.06,68841.27
Odisha,Puri,Jute,2010,9482.51,23978.99
Maharashtra,Aurangabad,Mango,2020,11913.47,9791.62
Haryana,Karnal,Rice,2011,16626.97,63448.96
Andhra Pradesh,Krishna,Onion,2014,10403.56,32468.82
Haryana,Karnal,Barley,2010,45122.73,192704.24
Andhra Pradesh,Guntur,Banana,2014,20858.86,87517.84
Uttar Pradesh,Kanpur,Rice,2023,6045.39,20551.02
Odisha,Cuttack,Groundnut,2023,45096.29,57677.76
Uttar Pradesh,Meerut,Potato,2015,10041.72,14619.29
Gujarat,Surat,Cotton,2018,45747.29,91519.82
Telangana,Hyderabad,Groundnut,2011,24862.3,63225.25
Telangana,Hyderabad,Cotton,2020,32903.74,40106.66
West Bengal,Murshidabad,Potato,2011,25843.78,115923.9
Madhya Pradesh,Bhopal,Groundnut,2022,18244.95,47033.62
Madhya Pradesh,Jabalpur,Wheat,2016,6203.8,27113.23
Kerala,Thrissur,Coffee,2015,22728.42,53324.69
Gujarat,Bharuch,Onion,2020,40648.45,42335.62
Bihar,Nalanda,Maize,2021,29865.83,26678.66
Telangana,Karimnagar,Maize,2010,46256.02,197620.77
Bihar,Gaya,Onion,2011,48569.64,162928.43
Gujarat,Bharuch,Cotton,2021,16521.08,48760.11
Maharashtra,Pune,Rice,2015,27225.71,79584.27
Assam,Dibrugarh,Rice,2015,36264.55,43326.69
Tamil Nadu,Thanjavur,Banana,2021,3694.74,11455.45
Karnataka,Belgaum,Tomato,2011,27886.33,94073.58
Bihar,Bhagalpur,Lentil,2021,5357.27,9602.06
Rajasthan,Kota,Barley,2018,18017.13,76639.74
Rajasthan,Bikaner,Wheat,2016,15065.7,36665.6
Andhra Pradesh,Anantapur,Banana,2011,31713.72,54000.6
Andhra Pradesh,Guntur,Mango,2020,29813.91,26824.55
Uttar Pradesh,Agra,Onion,2012,12732.57,29721.69
Andhra Pradesh,Kurnool,Groundnut,2015,41634.69,72411.15
Madhya Pradesh,Indore,Cotton,2011,1875.74,3855.3
Rajasthan,Kota,Groundnut,2012,30195.61,102111.52
Haryana,Ambala,Cotton,2010,42967.02,150819.24
Haryana,Rohtak,Barley,2021,32734.6,38395.21
Madhya Pradesh,Bhopal,Chickpea,2011,30915.72,74930.69
Kerala,Thrissur,Banana,2012,1860.56,2196.39
Odisha,Balasore,Jute,2020,19731.71,85188.17
Rajasthan,Udaipur,Mothbeans,2018,8389.96,16931.93
Telangana,Warangal,Mango,2015,47077.58,126719.52
Punjab,Amritsar,Barley,2011,15373.29,69033.41
Andhra Pradesh,Kurnool,Banana,2017,15304.89,45967.04
Andhra Pradesh,East Godavari,Mango,2010,18095.17,42520.36
West Bengal,Burdwan,Coconut,2017,39954.73,102503.2
Andhra Pradesh,Kurnool,Banana,2022,48080.41,168980.49
Haryana,Sonipat,Cotton,2019,48069.94,65557.02
Punjab,Ludhiana,Wheat,2023,11604.03,35225.35
Karnataka,Raichur,Tomato,2014,39689.22,151582.66
West Bengal,Murshidabad,Jute,2017,974.08,2818.92
Rajasthan,Bikaner,Wheat,2014,6911.54,24002.93
Haryana,Karnal,Barley,2012,35077.15,86822.79
Madhya Pradesh,Bhopal,Chickpea,2010,10464.4,45466.97
Maharashtra,Nashik,Groundnut,2011,49771.58,177318.1
Karnataka,Mysore,Cotton,2010,11166.93,35579.1
Maharashtra,Kolhapur,Cotton,2018,6580.1,17679.62
Uttar Pradesh,Kanpur,Onion,2021,29126.38,96395.22
Odisha,Balasore,Coconut,2015,11537.38,29172.0
Tamil Nadu,Chennai,Cotton,2015,2614.57,4590.21
Rajasthan,Jodhpur,Chickpea,2021,10809.13,14294.84
Gujarat,Rajkot,Potato,2022,30125.49,100941.03
Telangana,Hyderabad,Groundnut,2021,40718.3,106967.71
Uttar Pradesh,Lucknow,Potato,2014,43364.85,46705.09
Uttar Pradesh,Kanpur,Potato,2010,24374.77,100777.23
Andhra Pradesh,Anantapur,Onion,2016,45662.56,186479.39
Karnataka,Hassan,Coconut,2017,36969.57,144259.82
Maharashtra,Nagpur,Mango,2013,3125.67,7649.18
Kerala,Thrissur,Coconut,2012,3084.13,7929.66
Punjab,Patiala,Wheat,2017,40394.05,73583.99
Madhya Pradesh,Ujjain,Onion,2010,17971.46,75069.17
Rajasthan,Jaipur,Mothbeans,2019,40722.23,65078.92
Punjab,Patiala,Wheat,2011,33080.38,56927.01
Andhra Pradesh,Kurnool,Chickpea,2016,48329.36,84420.89
Bihar,Muzaffarpur,Banana,2011,45606.15,84290.23
Madhya Pradesh,Indore,Potato,2022,28940.01,25292.26
Madhya Pradesh,Bhopal,Chickpea,2018,9417.01,14362.28
Punjab,Patiala,Cotton,2020,43652.91,40305.69
Bihar,Patna,Lentil,2010,32073.29,90084.62
Bihar,Patna,Wheat,2023,6460.34,5966.42
Assam,Sonitpur,Potato,2015,9065.47,13712.53
Uttar Pradesh,Meerut,Lentil,2012,14246.69,48320.44
Gujarat,Bharuch,Mango,2019,21632.76,65049.82
Tamil Nadu,Salem,Tomato,2011,49022.46,191561.8
Assam,Dibrugarh,Rice,2016,47856.76,169537.41
Tamil Nadu,Chennai,Cotton,2020,34527.08,81519.47
Rajasthan,Jaipur,Mungbean,2012,10973.4,27811.15
Bihar,Nalanda,Lentil,2022,43909.24,133881.17
West Bengal,Nadia,Jute,2020,39325.0,90920.42
Uttar Pradesh,Kanpur,Rice,2010,4119.95,12018.63
Uttar Pradesh,Agra,Rice,2016,20845.71,82233.46
Andhra Pradesh,Kurnool,Rice,2019,28906.16,63014.71
Haryana,Ambala,Cotton,2011,16767.2,43181.15
Tamil Nadu,Chennai,Rice,2023,19701.68,62475.88
Odisha,Puri,Jute,2016,33913.04,41355.53
Kerala,Thrissur,Rice,2018,32087.9,28872.89
Bihar,Patna,Potato,2013,6400.84,27525.93
Maharashtra,Nashik,Rice,2010,46365.73,95742.24
Karnataka,Belgaum,Coffee,2015,44935.38,158371.59
Gujarat,Junagadh,Onion,2021,46484.63,42520.5
Tamil Nadu,Madurai,Groundnut,2016,16998.16,46878.57
Tamil Nadu,Salem,Banana,2010,26564.31,41549.93
Himachal Pradesh,Kangra,Barley,2021,38968.14,88203.5
Maharashtra,Kolhapur,Wheat,2022,7492.18,22396.7
Maharashtra,Aurangabad,Pomegranate,2010,12425.82,21604.82
Uttar Pradesh,Agra,Lentil,2010,14285.62,24207.13
Odisha,Ganjam,Rice,2017,17965.74,70905.17
Haryana,Sonipat,Cotton,2022,39857.69,92030.74
Kerala,Ernakulam,Banana,2019,42520.78,179337.76
Odisha,Ganjam,Maize,2012,10346.13,11528.22
Uttar Pradesh,Lucknow,Onion,2023,36324.49,59402.81
Assam,Dibrugarh,Potato,2014,8906.16,28513.28
Haryana,Sonipat,Potato,2021,28006.71,34899.04
Maharashtra,Nagpur,Onion,2022,49346.03,201808.27
Uttar Pradesh,Kanpur,Tomato,2020,11150.27,44414.09
Kerala,Ernakulam,Coffee,2021,7342.37,31059.49
Uttar Pradesh,Lucknow,Tomato,2012,23411.41,97488.02
Maharashtra,Nashik,Groundnut,2010,39308.94,50248.67
Kerala,Kozhikode,Coffee,2013,12716.39,20031.23
Himachal Pradesh,Kangra,Maize,2017,19988.06,85492.87
Assam,Nagaon,Coconut,2019,47876.47,189951.36
West Bengal,Murshidabad,Jute,2022,6544.26,21705.56
Kerala,Thrissur,Coconut,2021,29013.62,98271.88
West Bengal,Burdwan,Coconut,2012,30294.93,96907.52
Punjab,Sangrur,Potato,2012,16298.77,70086.9
Tamil Nadu,Coimbatore,Coconut,2013,43954.52,101786.38
Odisha,Puri,Maize,2020,42935.19,127540.86
West Bengal,Murshidabad,Coconut,2016,45545.51,114389.86
Andhra Pradesh,Guntur,Rice,2017,35915.42,138017.27
Odisha,Ganjam,Rice,2023,29611.53,87134.37
Karnataka,Mysore,Mango,2019,26457.8,89757.96
Tamil Nadu,Madurai,Rice,2022,21153.39,37308.1
Gujarat,Rajkot,Banana,2017,33143.24,28212.73
Odisha,Balasore,Rice,2011,15054.8,61116.56
Madhya Pradesh,Jabalpur,Chickpea,2023,23014.67,81993.47
Kerala,Ernakulam,Coffee,2017,40768.9,107455.41
Gujarat,Ahmedabad,Wheat,2017,21549.88,50219.14
Punjab,Amritsar,Potato,2018,28846.07,126995.06
Odisha,Balasore,Rice,2014,16676.58,49521.17
Maharashtra,Nashik,Tomato,2010,16960.15,35728.12
Tamil Nadu,Chennai,Mango,2020,49317.63,67460.07
Rajasthan,Kota,Chickpea,2019,22734.23,71603.06
Bihar,Nalanda,Potato,2016,4842.87,9944.21
Odisha,Puri,Jute,2013,19014.46,75371.26
Tamil Nadu,Thanjavur,Groundnut,2010,40556.2,50455.52
Gujarat,Ahmedabad,Mango,2018,42544.39,77170.65
Rajasthan,Bikaner,Groundnut,2017,30891.95,131034.55
Haryana,Hisar,Wheat,2018,11766.78,41949.76
Assam,Nagaon,Potato,2012,13872.7,15933.41
Himachal Pradesh,Kangra,Wheat,2017,20647.3,20989.37
Rajasthan,Kota,Mothbeans,2012,38156.06,123866.6
Bihar,Bhagalpur,Maize,2018,27259.64,54857.71
Rajasthan,Kota,Chickpea,2023,3173.11,8353.05
West Bengal,Hooghly,Rice,2010,33053.95,48735.39
Haryana,Ambala,Barley,2016,17931.32,64921.54
Himachal Pradesh,Shimla,Wheat,2023,41913.54,135352.9
Uttar Pradesh,Lucknow,Chickpea,2014,35427.19,45592.69
Bihar,Nalanda,Maize,2012,19581.28,58162.27
Punjab,Ludhiana,Barley,2012,38313.39,75062.24
Bihar,Gaya,Maize,2014,22693.33,33862.19
Telangana,Karimnagar,Chickpea,2010,11123.11,31415.82
Telangana,Karimnagar,Groundnut,2015,32645.67,83789.1
Bihar,Nalanda,Wheat,2012,30373.77,48956.01
Maharashtra,Pune,Rice,2013,17153.78,65238.16
Andhra Pradesh,Anantapur,Banana,2019,39419.37,147613.63
Assam,Nagaon,Potato,2018,20989.46,23013.63
Madhya Pradesh,Sagar,Groundnut,2012,11191.42,42503.74
West Bengal,Burdwan,Rice,2017,18175.6,19101.58
Odisha,Balasore,Coconut,2018,14021.75,53784.24
Karnataka,Hassan,Mango,2023,26223.2,51072.11
Tamil Nadu,Salem,Rice,2017,12063.19,51839.87
Himachal Pradesh,Kullu,Barley,2019,3570.03,7034.72
Andhra Pradesh,Krishna,Chickpea,2011,27596.16,64973.26
Assam,Dibrugarh,Jute,2017,8863.98,9518.8
Rajasthan,Bikaner,Groundnut,2023,43433.0,95205.26
Maharashtra,Aurangabad,Pomegranate,2019,46144.38,169238.71
Telangana,Nalgonda,Maize,2017,26166.02,90984.49
Madhya Pradesh,Ujjain,Groundnut,2021,17189.67,42019.0
Haryana,Rohtak,Wheat,2012,21573.45,20093.3
Gujarat,Rajkot,Mango,2014,33010.96,66882.61
Himachal Pradesh,Shimla,Apple,2013,40041.12,112505.86
Tamil Nadu,Chennai,Groundnut,2017,43571.6,180065.94
Himachal Pradesh,Shimla,Apple,2010,25744.94,27420.27
Uttar Pradesh,Varanasi,Rice,2012,18283.11,62011.7
Gujarat,Junagadh,Rice,2021,46894.45,127344.3
Uttar Pradesh,Agra,Wheat,2019,46400.98,130222.01
Gujarat,Junagadh,Onion,2018,21177.15,60625.28
Andhra Pradesh,Guntur,Rice,2010,9216.25,34381.03
Punjab,Patiala,Rice,2017,27739.07,84795.95
Gujarat,Bharuch,Banana,2020,36545.9,117569.79
Maharashtra,Nashik,Rice,2022,49114.65,200873.35
Madhya Pradesh,Jabalpur,Onion,2012,13553.81,54489.16
Uttar Pradesh,Varanasi,Chickpea,2016,16641.35,73437.95
Haryana,Ambala,Chickpea,2023,36290.3,104298.06
Punjab,Sangrur,Potato,2016,39208.2,139494.78
Karnataka,Bangalore,Cotton,2018,46092.1,131087.18
Assam,Sonitpur,Coconut,2014,9005.84,26395.89
Andhra Pradesh,Guntur,Groundnut,2020,6654.66,11344.17
Kerala,Thrissur,Rice,2023,49963.75,164229.6
Andhra Pradesh,East Godavari,Mango,2016,505.46,522.3
West Bengal,Nadia,Potato,2012,23557.38,41566.36
Maharashtra,Nashik,Groundnut,2017,43558.1,62877.01
Tamil Nadu,Chennai,Cotton,2022,24293.12,90937.54
Punjab,Amritsar,Maize,2015,40442.55,103250.35
West Bengal,Hooghly,Wheat,2015,23511.08,26029.48
Haryana,Karnal,Potato,2019,13551.35,21364.35
Gujarat,Rajkot,Rice,2012,14365.95,46551.76
Andhra Pradesh,Guntur,Groundnut,2010,971.96,2186.32
Punjab,Jalandhar,Rice,2015,42086.84,116320.42
Uttar Pradesh,Agra,Potato,2017,2921.62,11782.37
Maharashtra,Nagpur,Mango,2017,38760.37,65561.2
Assam,Dibrugarh,Coconut,2011,39956.7,80447.74
Maharashtra,Nashik,Onion,2012,46036.95,122021.36
Haryana,Hisar,Potato,2011,32047.35,27708.07
Maharashtra,Nashik,Tomato,2011,8654.8,31828.02
Odisha,Ganjam,Coconut,2020,12004.73,49094.09
Karnataka,Bangalore,Rice,2023,32489.35,72116.75
Kerala,Ernakulam,Papaya,2018,9378.3,15712.92
Karnataka,Hassan,Cotton,2023,22144.1,74303.77
Bihar,Bhagalpur,Maize,2020,9268.99,40483.57
Kerala,Ernakulam,Coffee,2014,2009.72,7764.57
Rajasthan,Udaipur,Groundnut,2018,38093.81,152622.72
Tamil Nadu,Salem,Tomato,2010,18785.33,74374.14
Maharashtra,Aurangabad,Pomegranate,2020,3691.39,16446.96
Andhra Pradesh,Kurnool,Onion,2020,951.96,3491.41
Himachal Pradesh,Kangra,Potato,2018,33409.71,83613.82
Maharashtra,Nagpur,Rice,2018,44310.94,122000.8
Maharashtra,Aurangabad,Mango,2019,1405.85,4726.46
Punjab,Patiala,Wheat,2022,48193.55,119263.38
Punjab,Amritsar,Cotton,2019,30389.26,135967.34
Maharashtra,Nagpur,Rice,2012,49656.37,59690.18
Telangana,Karimnagar,Cotton,2022,22288.46,52690.28
Madhya Pradesh,Jabalpur,Potato,2020,22585.89,75625.16
Kerala,Alappuzha,Coffee,2016,17602.62,28553.94
Kerala,Ernakulam,Banana,2013,49406.03,147192.04
Haryana,Hisar,Cotton,2016,34319.84,50908.92
Bihar,Gaya,Potato,2022,18750.37,77323.06
Andhra Pradesh,Kurnool,Banana,2015,19216.36,82831.91
Haryana,Ambala,Barley,2020,19564.01,83703.41
Gujarat,Surat,Potato,2013,44321.14,54749.51
Assam,Kamrup,Coconut,2018,37863.96,44156.2
Punjab,Jalandhar,Wheat,2016,21493.69,53970.01
West Bengal,Murshidabad,Jute,2013,33282.04,76125.66
Rajasthan,Udaipur,Mothbeans,2022,9702.44,25280.33
Punjab,Sangrur,Barley,2015,45263.21,168739.43
Karnataka,Bangalore,Coffee,2017,41666.16,134541.85
Andhra Pradesh,Krishna,Chickpea,2015,19099.94,24625.33
Maharashtra,Nagpur,Groundnut,2014,24541.17,31652.71
Rajasthan,Bikaner,Chickpea,2022,7939.43,32372.66
Uttar Pradesh,Lucknow,Lentil,2020,44484.86,90898.47
Bihar,Gaya,Onion,2022,1847.81,5538.17
Andhra Pradesh,Krishna,Groundnut,2018,20022.16,83769.27
Karnataka,Raichur,Mango,2014,31176.87,132229.6
Uttar Pradesh,Lucknow,Maize,2021,22888.69,83848.98
Rajasthan,Udaipur,Groundnut,2021,45352.19,114747.07
Odisha,Ganjam,Rice,2021,12301.72,52541.85
Kerala,Ernakulam,Coffee,2020,22022.76,85046.58
Assam,Dibrugarh,Maize,2019,40635.09,42882.94
Maharashtra,Nashik,Onion,2019,17992.52,47154.4
Haryana,Rohtak,Cotton,2018,38289.93,87370.17
Karnataka,Raichur,Tomato,2013,41967.1,103837.07
Madhya Pradesh,Sagar,Wheat,2014,9236.97,10563.31
Uttar Pradesh,Meerut,Maize,2022,31208.91,73832.38
Kerala,Alappuzha,Coffee,2010,41623.59,166121.93
Haryana,Hisar,Wheat,2016,2249.87,2447.54
Punjab,Patiala,Barley,2016,43799.0,45415.01
Madhya Pradesh,Jabalpur,Groundnut,2023,40211.04,68386.69
Karnataka,Mysore,Maize,2010,35608.84,96916.15
Assam,Kamrup,Rice,2012,19990.35,38727.8
Haryana,Hisar,Wheat,2021,16257.81,59857.94
West Bengal,Kolkata,Rice,2016,28771.27,52340.0
Odisha,Cuttack,Rice,2013,40176.34,61409.47
Karnataka,Mysore,Coconut,2012,7212.59,6803.18
West Bengal,Burdwan,Rice,2022,45606.14,185840.83
Andhra Pradesh,Anantapur,Mango,2015,39181.65,33473.4
Madhya Pradesh,Ujjain,Potato,2018,7169.63,16687.89
Rajasthan,Kota,Mothbeans,2020,21577.61,91666.65
West Bengal,Murshidabad,Rice,2021,32902.08,81944.78
Kerala,Ernakulam,Papaya,2021,8081.34,30709.85
Haryana,Rohtak,Potato,2018,31337.78,120892.13
Andhra Pradesh,Kurnool,Rice,2021,1310.2,5043.18
Gujarat,Surat,Potato,2014,15222.25,16342.03
Bihar,Patna,Banana,2014,45635.45,189571.99
Punjab,Sangrur,Cotton,2012,33440.18,126546.07
Kerala,Alappuzha,Coconut,2014,22287.41,76288.62
Tamil Nadu,Thanjavur,Tomato,2013,20628.14,73450.71
Uttar Pradesh,Varanasi,Lentil,2017,34209.48,85225.43
Kerala,Kozhikode,Coconut,2013,3831.02,3960.65
Madhya Pradesh,Bhopal,Potato,2021,14071.78,22819.93
Assam,Nagaon,Banana,2015,24287.69,77207.71
Maharashtra,Nashik,Rice,2023,11080.18,30154.15
Tamil Nadu,Madurai,Cotton,2011,17885.66,49879.81
Bihar,Bhagalpur,Potato,2015,12885.74,11959.4
Gujarat,Bharuch,Wheat,2023,9911.4,40451.56
Uttar Pradesh,Kanpur,Lentil,2021,18670.48,42107.01
Punjab,Amritsar,Wheat,2013,39423.44,60852.36
Himachal Pradesh,Kullu,Apple,2021,34208.38,147599.66
Odisha,Puri,Maize,2017,5625.63,12729.61
Madhya Pradesh,Sagar,Wheat,2022,44487.73,166374.17
West Bengal,Hooghly,Coconut,2010,12174.23,10831.85
Madhya Pradesh,Ujjain,Wheat,2015,31597.11,40112.69
Rajasthan,Kota,Groundnut,2016,35346.43,119845.6
West Bengal,Hooghly,Banana,2023,6252.09,6163.79
Himachal Pradesh,Kullu,Wheat,2013,15304.51,34178.67
Andhra Pradesh,Kurnool,Cotton,2018,7813.55,28102.22
Gujarat,Surat,Banana,2016,46289.69,41035.7
Telangana,Hyderabad,Maize,2016,6076.33,15388.6
Gujarat,Ahmedabad,Rice,2014,40328.28,118563.9
Haryana,Sonipat,Rice,2021,33281.73,40250.28
Haryana,Ambala,Chickpea,2021,18778.81,53081.62
Bihar,Patna,Wheat,2017,39792.15,100727.68
Maharashtra,Kolhapur,Onion,2011,3980.67,16288.62
Tamil Nadu,Salem,Banana,2014,4352.32,17918.62
Odisha,Cuttack,Maize,2013,8239.33,8078.54
West Bengal,Hooghly,Potato,2022,14916.8,64442.5
Andhra Pradesh,Guntur,Mango,2019,41360.31,169494.68
Odisha,Puri,Maize,2010,38976.29,133594.5
Punjab,Patiala,Cotton,2016,39628.63,96700.2
Punjab,Patiala,Barley,2010,20009.48,28068.1
Kerala,Kozhikode,Coconut,2020,13998.11,21987.57
Uttar Pradesh,Agra,Maize,2010,14571.74,25877.38
Odisha,Ganjam,Jute,2012,14592.62,47381.2
Assam,Nagaon,Potato,2023,20625.98,76177.52
Punjab,Jalandhar,Barley,2017,15873.88,45890.63
Telangana,Hyderabad,Groundnut,2017,26813.3,117412.34
West Bengal,Burdwan,Coconut,2021,13994.37,58188.51
Madhya Pradesh,Bhopal,Lentil,2015,25518.55,22173.7
Karnataka,Raichur,Rice,2016,48519.43,211212.42
Kerala,Ernakulam,Rice,2013,34258.38,141565.77
Telangana,Nalgonda,Cotton,2016,3000.59,7113.08
Haryana,Karnal,Sunflower,2021,3484.73,6333.05
Himachal Pradesh,Shimla,Barley,2023,47337.19,52360.42
Rajasthan,Jaipur,Wheat,2017,42121.82,156200.07
Punjab,Amritsar,Potato,2023,33104.86,140028.72
Madhya Pradesh,Indore,Cotton,2013,31159.05,49507.96
Himachal Pradesh,Kangra,Apple,2018,26214.31,37089.85
Karnataka,Hassan,Groundnut,2013,26529.94,88121.21
Rajasthan,Kota,Chickpea,2011,19673.68,16241.23
Uttar Pradesh,Kanpur,Rice,2020,21671.65,21089.33
Rajasthan,Kota,Barley,2012,47177.25,155174.53
Madhya Pradesh,Ujjain,Lentil,2016,10422.55,34892.22
Assam,Kamrup,Rice,2014,42739.37,118776.09
Kerala,Alappuzha,Coffee,2022,41124.06,120580.62
Punjab,Jalandhar,Maize,2013,30699.2,135085.01
Madhya Pradesh,Indore,Onion,2014,44312.32,51993.97
Assam,Sonitpur,Rice,2017,6465.83,12386.11
Karnataka,Mysore,Cotton,2022,21861.71,80061.87
West Bengal,Nadia,Banana,2017,2072.92,6657.93
Karnataka,Hassan,Groundnut,2015,19373.14,39156.48
Gujarat,Bharuch,Mango,2015,46918.13,150722.25
Bihar,Muzaffarpur,Onion,2012,10385.16,19324.52
Karnataka,Bangalore,Cotton,2021,1470.38,5072.52
Maharashtra,Kolhapur,Pomegranate,2021,47349.3,56069.16
Madhya Pradesh,Sagar,Groundnut,2020,7703.69,28932.79
Maharashtra,Aurangabad,Cotton,2022,5724.68,5642.5
Andhra Pradesh,Krishna,Maize,2014,23138.68,75359.9
Telangana,Hyderabad,Chickpea,2022,1217.19,4938.56
Odisha,Ganjam,Groundnut,2021,7574.78,29417.28
Maharashtra,Aurangabad,Groundnut,2018,8642.84,35544.29
Madhya Pradesh,Indore,Chickpea,2013,8201.92,12430.59
West Bengal,Kolkata,Coconut,2023,22451.35,52164.94
Andhra Pradesh,Kurnool,Rice,2014,19959.43,78723.37
Odisha,Ganjam,Jute,2019,29826.96,68144.16
Telangana,Warangal,Groundnut,2019,33306.35,137162.37
Bihar,Nalanda,Potato,2021,13903.48,29065.11
Tamil Nadu,Coimbatore,Groundnut,2019,517.05,527.82
Uttar Pradesh,Kanpur,Onion,2011,19749.88,28460.06
Haryana,Rohtak,Barley,2019,26392.13,90049.4
Odisha,Balasore,Jute,2018,10533.6,15035.85
Punjab,Sangrur,Cotton,2023,23260.84,81020.02
Madhya Pradesh,Ujjain,Onion,2021,13211.75,35210.43
Uttar Pradesh,Varanasi,Rice,2022,37775.33,83143.9
Gujarat,Surat,Cotton,2020,8211.26,14757.06
Tamil Nadu,Salem,Coconut,2023,42211.88,75132.96
Gujarat,Surat,Groundnut,2015,4513.36,15306.39
Assam,Sonitpur,Potato,2019,16788.53,29900.57
Rajasthan,Jaipur,Barley,2010,43462.2,143112.62
Karnataka,Raichur,Rice,2010,37797.82,167841.02
Andhra Pradesh,Anantapur,Maize,2018,19634.23,78845.75
Tamil Nadu,Chennai,Coconut,2020,21088.88,39293.46
Kerala,Kozhikode,Banana,2022,44071.88,169595.56
Madhya Pradesh,Sagar,Onion,2017,22463.75,85678.36
Punjab,Amritsar,Potato,2019,36033.27,47922.16
Rajasthan,Bikaner,Groundnut,2014,18900.91,70373.46
Haryana,Karnal,Chickpea,2018,12949.3,48811.97
Odisha,Puri,Rice,2015,24699.99,43093.1
Karnataka,Belgaum,Cotton,2019,28135.84,96411.09
Gujarat,Rajkot,Potato,2017,39236.84,124848.46
Himachal Pradesh,Kangra,Apple,2017,49028.73,179595.78
Gujarat,Bharuch,Groundnut,2022,14916.84,19841.6
Andhra Pradesh,Kurnool,Cotton,2015,44350.22,148249.29
Karnataka,Mysore,Tomato,2022,22238.35,40422.57
Andhra Pradesh,Guntur,Groundnut,2017,41122.56,156635.24
Maharashtra,Nashik,Wheat,2016,6268.93,22946.55
Madhya Pradesh,Ujjain,Onion,2011,24474.15,20500.6
Uttar Pradesh,Varanasi,Maize,2013,19551.82,87953.63
Haryana,Sonipat,Wheat,2011,11477.42,22003.86
Maharashtra,Nashik,Onion,2020,18924.94,24714.94
Himachal Pradesh,Mandi,Maize,2015,3534.54,8486.74
Madhya Pradesh,Jabalpur,Wheat,2012,43863.13,49621.57
Punjab,Amritsar,Rice,2022,20569.19,90176.05
Rajasthan,Udaipur,Mungbean,2019,2096.63,2055.9
Bihar,Muzaffarpur,Lentil,2017,12415.39,24812.2
Punjab,Patiala,Sunflower,2017,35620.0,37498.65
Madhya Pradesh,Bhopal,Lentil,2010,37033.01,163629.57
Haryana,Hisar,Sunflower,2023,11974.89,14499.71
Assam,Nagaon,Banana,2010,16717.71,32463.21
Maharashtra,Nagpur,Tomato,2019,22196.04,64020.61
Madhya Pradesh,Jabalpur,Potato,2023,26975.26,60207.32
Karnataka,Mysore,Maize,2019,33212.86,109688.6
Karnataka,Belgaum,Tomato,2023,33074.07,53860.86
Himachal Pradesh,Kangra,Potato,2019,34901.46,31073.13
West Bengal,Nadia,Rice,2014,40953.39,167316.36
Andhra Pradesh,Krishna,Cotton,2013,11609.72,25145.53
Assam,Kamrup,Jute,2011,35728.2,137855.85
West Bengal,Nadia,Banana,2010,15833.12,30965.48
Maharashtra,Kolhapur,Pomegranate,2013,41715.81,170851.48
Odisha,Puri,Groundnut,2010,8364.51,24843.13
West Bengal,Burdwan,Wheat,2020,49517.19,132026.3
Assam,Sonitpur,Maize,2018,35350.83,153936.1
Rajasthan,Udaipur,Wheat,2015,22480.37,61557.56
Odisha,Cuttack,Groundnut,2022,48280.26,65742.27
West Bengal,Burdwan,Wheat,2013,1629.21,6508.58
Telangana,Karimnagar,Cotton,2015,28395.06,38210.02
Karnataka,Hassan,Coconut,2014,28843.25,27622.29
Assam,Sonitpur,Coconut,2022,16472.83,43282.16
Gujarat,Junagadh,Cotton,2017,12846.09,56912.88
Haryana,Hisar,Potato,2016,11133.96,46263.83
Uttar Pradesh,Kanpur,Rice,2014,48350.55,89246.58
West Bengal,Murshidabad,Banana,2020,33535.24,141524.8
Tamil Nadu,Madurai,Tomato,2020,42182.1,94471.71
Himachal Pradesh,Mandi,Apple,2023,49921.64,146779.61
Punjab,Patiala,Cotton,2015,33273.39,45613.42
Haryana,Hisar,Sunflower,2010,1485.12,6269.22
Assam,Kamrup,Banana,2013,36705.39,66393.61
Tamil Nadu,Coimbatore,Coconut,2021,27972.62,105368.77
Rajasthan,Bikaner,Mungbean,2015,21076.23,58343.57
Andhra Pradesh,Kurnool,Cotton,2012,25130.49,69074.31
Punjab,Patiala,Cotton,2018,34469.0,35233.91
West Bengal,Kolkata,Banana,2013,23627.93,47018.62
Himachal Pradesh,Kangra,Barley,2010,40272.23,50418.9
Karnataka,Hassan,Mango,2010,42437.16,93790.29
Tamil Nadu,Madurai,Mango,2023,22387.53,46524.98
Odisha,Puri,Maize,2021,47425.09,138169.62
Telangana,Karimnagar,Cotton,2013,8737.69,17514.64
Maharashtra,Nagpur,Tomato,2017,4805.88,13731.69
Uttar Pradesh,Varanasi,Lentil,2023,3847.93,7721.14
Bihar,Gaya,Banana,2013,1770.65,3029.64
Madhya Pradesh,Ujjain,Lentil,2023,1543.06,4708.12
Bihar,Gaya,Maize,2011,41310.32,140447.52
Andhra Pradesh,Krishna,Cotton,2022,44758.5,69614.27
Haryana,Rohtak,Barley,2013,18179.2,24800.75
West Bengal,Kolkata,Potato,2021,12997.94,29592.05
Bihar,Muzaffarpur,Maize,2015,35349.64,46588.21
Andhra Pradesh,East Godavari,Groundnut,2019,32829.32,145325.34
Kerala,Thrissur,Papaya,2017,39263.68,50682.7
Punjab,Patiala,Wheat,2019,18775.59,38253.73
Haryana,Ambala,Chickpea,2017,2326.49,9458.67
Telangana,Karimnagar,Maize,2023,13583.18,13862.13
West Bengal,Murshidabad,Wheat,2023,8481.38,13414.72
Kerala,Ernakulam,Coconut,2011,26876.48,22570.01
Uttar Pradesh,Agra,Onion,2020,25151.01,77412.41
Karnataka,Mysore,Groundnut,2019,5856.91,16337.31
Telangana,Warangal,Groundnut,2012,33127.04,131421.98
Tamil Nadu,Salem,Rice,2010,27591.42,57509.22
Rajasthan,Kota,Barley,2020,30890.9,25649.99
Telangana,Warangal,Rice,2020,25738.18,111939.98
Tamil Nadu,Thanjavur,Mango,2022,19713.54,36644.47
West Bengal,Hooghly,Jute,2010,26474.62,26008.02
Madhya Pradesh,Bhopal,Cotton,2012,26102.57,40988.45
Assam,Kamrup,Banana,2016,36191.66,79761.0
Maharashtra,Aurangabad,Tomato,2014,33721.67,117253.87
Rajasthan,Bikaner,Chickpea,2020,48320.8,79238.81
Madhya Pradesh,Sagar,Groundnut,2019,20765.28,63774.61
Telangana,Karimnagar,Chickpea,2013,25331.53,35788.25
Maharashtra,Kolhapur,Groundnut,2019,3559.85,7061.57
Maharashtra,Kolhapur,Onion,2013,16210.83,71233.56
Assam,Nagaon,Potato,2022,49231.05,145001.72
Uttar Pradesh,Kanpur,Onion,2015,11763.8,20916.88
Himachal Pradesh,Kangra,Apple,2015,20043.97,65351.96
Rajasthan,Jaipur,Wheat,2011,38802.53,87852.73
Tamil Nadu,Salem,Groundnut,2014,40170.81,81556.69
Telangana,Hyderabad,Cotton,2014,45442.17,75801.13
Andhra Pradesh,Krishna,Onion,2015,27678.12,47596.22
Karnataka,Raichur,Rice,2022,37557.35,130805.25
Uttar Pradesh,Lucknow,Wheat,2020,31749.54,107989.05
Rajasthan,Kota,Wheat,2019,7813.42,14493.63
Andhra Pradesh,Krishna,Maize,2021,6999.97,26921.17
Assam,Sonitpur,Potato,2021,17841.9,19962.62
Gujarat,Rajkot,Potato,2021,29468.5,113093.52
West Bengal,Murshidabad,Potato,2017,11339.43,33735.58
Bihar,Gaya,Rice,2021,17528.51,40103.17
Uttar Pradesh,Lucknow,Chickpea,2018,34358.76,133256.34
Punjab,Sangrur,Sunflower,2012,38434.22,83191.3
Telangana,Karimnagar,Mango,2022,19676.43,58977.36
Andhra Pradesh,Anantapur,Rice,2018,1901.42,6239.24
Odisha,Balasore,Maize,2016,28349.71,95612.8
West Bengal,Hooghly,Banana,2016,44222.37,195214.38
Punjab,Amritsar,Rice,2020,31298.83,127266.96
Haryana,Ambala,Cotton,2014,27248.01,54670.26
Bihar,Gaya,Potato,2011,31520.48,72828.72
Telangana,Hyderabad,Rice,2021,18389.23,76346.75
Maharashtra,Nagpur,Wheat,2010,21777.93,65601.49
Telangana,Karimnagar,Mango,2012,38548.07,132630.97
Maharashtra,Aurangabad,Groundnut,2022,44459.42,175804.46
Uttar Pradesh,Kanpur,Chickpea,2013,5802.07,20961.61
Karnataka,Hassan,Maize,2017,15485.09,53374.13
Gujarat,Bharuch,Rice,2019,36511.35,148031.99
Telangana,Hyderabad,Chickpea,2018,7703.71,19873.08
Bihar,Gaya,Potato,2020,49957.29,94514.45
Telangana,Nalgonda,Rice,2015,49992.04,171422.3
Assam,Kamrup,Potato,2020,45794.48,135276.13
Haryana,Karnal,Chickpea,2020,14847.96,15739.17
Karnataka,Raichur,Groundnut,2020,30134.48,104835.57
West Bengal,Nadia,Banana,2022,8378.14,11524.84
Uttar Pradesh,Lucknow,Chickpea,2010,35321.16,78708.85
Himachal Pradesh,Kangra,Barley,2014,22844.24,28862.91
Maharashtra,Kolhapur,Pomegranate,2014,14857.19,34064.61
Haryana,Hisar,Sunflower,2022,44430.2,141977.64
Uttar Pradesh,Kanpur,Potato,2012,36968.09,48569.68
Rajasthan,Kota,Groundnut,2019,38318.07,120383.03
Assam,Kamrup,Potato,2016,44767.9,163937.65
Gujarat,Surat,Potato,2020,41220.36,139371.67
Maharashtra,Nagpur,Tomato,2012,28938.25,128193.64
Uttar Pradesh,Meerut,Lentil,2019,16886.51,44473.32
Karnataka,Raichur,Mango,2011,47565.11,186309.77
Haryana,Karnal,Chickpea,2011,24700.69,60218.01
Telangana,Karimnagar,Maize,2015,11953.68,26822.11
Assam,Sonitpur,Maize,2014,31705.65,107001.4
Rajasthan,Jodhpur,Wheat,2023,27664.24,63183.75
Tamil Nadu,Chennai,Rice,2016,39534.67,135648.5
Karnataka,Hassan,Coconut,2016,27051.97,86601.99
Assam,Nagaon,Potato,2013,27140.83,119490.75
Kerala,Kozhikode,Papaya,2019,25722.04,110604.8
Odisha,Balasore,Groundnut,2011,29874.96,98100.39
Bihar,Bhagalpur,Rice,2011,44804.69,90921.43
Maharashtra,Nagpur,Rice,2011,20698.34,76341.91
Bihar,Nalanda,Onion,2023,20236.36,79023.17
Bihar,Gaya,Banana,2023,39696.41,95351.63
Uttar Pradesh,Meerut,Potato,2020,17444.65,36183.46
Gujarat,Bharuch,Potato,2018,6657.97,17487.24
Assam,Kamrup,Rice,2020,6540.41,15232.55
Rajasthan,Kota,Mothbeans,2013,16356.23,46231.46
Bihar,Nalanda,Rice,2016,1456.69,2387.04
Madhya Pradesh,Indore,Onion,2019,16888.2,51191.13
Bihar,Nalanda,Lentil,2018,13837.16,15862.21
Uttar Pradesh,Varanasi,Chickpea,2023,14400.22,43459.56
Uttar Pradesh,Lucknow,Lentil,2022,49011.66,64514.29
Rajasthan,Jodhpur,Barley,2015,14069.57,14476.54
Gujarat,Bharuch,Onion,2016,15091.82,50933.46
Uttar Pradesh,Varanasi,Wheat,2013,49591.9,103650.51
Maharashtra,Pune,Cotton,2010,891.27,2589.86
Bihar,Patna,Wheat,2019,9431.88,14387.4
Karnataka,Belgaum,Groundnut,2021,46193.18,45288.02
Andhra Pradesh,Guntur,Rice,2011,44218.22,145672.06
Assam,Sonitpur,Rice,2010,20419.58,35914.94
Kerala,Kozhikode,Coconut,2022,35935.4,114604.92
West Bengal,Burdwan,Rice,2019,46008.22,111234.74
Maharashtra,Nagpur,Mango,2023,24811.52,35097.69
Telangana,Hyderabad,Mango,2023,5880.12,21637.77
Tamil Nadu,Thanjavur,Mango,2013,43254.04,68364.85
Uttar Pradesh,Kanpur,Maize,2023,10769.22,29171.27
Haryana,Hisar,Barley,2017,3254.1,12516.84
Rajasthan,Jodhpur,Wheat,2012,21081.0,44473.25
Tamil Nadu,Chennai,Groundnut,2020,47930.12,196328.97
Telangana,Karimnagar,Mango,2021,15171.71,31581.66
Karnataka,Bangalore,Mango,2015,48824.74,96607.83
Uttar Pradesh,Kanpur,Onion,2014,32409.28,105582.95
Tamil Nadu,Coimbatore,Groundnut,2021,18219.4,64661.21
Uttar Pradesh,Kanpur,Rice,2011,49339.29,151701.87
Gujarat,Surat,Groundnut,2019,40200.12,45592.51
Karnataka,Belgaum,Cotton,2014,44216.27,59712.85
Kerala,Ernakulam,Rice,2019,31086.84,101090.97
Telangana,Hyderabad,Groundnut,2020,20941.85,86129.68
Tamil Nadu,Chennai,Banana,2018,46865.7,48682.44
Odisha,Cuttack,Rice,2016,13217.78,31411.04
Karnataka,Bangalore,Maize,2021,29064.9,23826.86
Karnataka,Belgaum,Groundnut,2012,26677.75,81667.84
Tamil Nadu,Madurai,Tomato,2014,32556.47,108965.02
Uttar Pradesh,Meerut,Wheat,2010,15367.06,29661.03
Uttar Pradesh,Meerut,Wheat,2018,22814.66,90119.82
Tamil Nadu,Coimbatore,Groundnut,2012,2833.41,7693.29
West Bengal,Kolkata,Wheat,2011,3935.13,7158.53
Tamil Nadu,Thanjavur,Groundnut,2018,5055.37,7975.28
Telangana,Warangal,Chickpea,2023,9235.3,16476.14
Telangana,Warangal,Maize,2020,39744.12,32097.79
West Bengal,Burdwan,Jute,2015,1582.25,6597.31
Uttar Pradesh,Lucknow,Tomato,2011,31219.83,122129.19
Madhya Pradesh,Sagar,Lentil,2021,40402.29,41245.97
Karnataka,Raichur,Cotton,2011,29854.24,93060.14
Odisha,Puri,Maize,2014,16052.49,70972.13
Himachal Pradesh,Kullu,Barley,2020,44910.16,165929.92
Karnataka,Raichur,Tomato,2019,958.71,1747.4
Karnataka,Raichur,Rice,2013,3975.69,11035.85
Punjab,Amritsar,Potato,2013,32429.58,52539.89
Tamil Nadu,Thanjavur,Cotton,2016,24228.1,37051.04
Rajasthan,Udaipur,Chickpea,2017,9202.67,19053.41
Himachal Pradesh,Mandi,Wheat,2016,9274.58,34439.94
Punjab,Sangrur,Rice,2019,10047.38,38821.34
Himachal Pradesh,Mandi,Maize,2018,6940.99,27532.27
Rajasthan,Bikaner,Mungbean,2014,27537.52,42329.07
Kerala,Thrissur,Papaya,2016,32261.4,125267.46
Uttar Pradesh,Varanasi,Tomato,2014,14941.39,42635.09
Uttar Pradesh,Varanasi,Maize,2012,13415.86,51947.47
Haryana,Ambala,Sunflower,2018,39200.47,156757.3
Andhra Pradesh,Guntur,Mango,2021,15792.95,28983.44
Odisha,Ganjam,Maize,2022,27755.38,40393.69
Himachal Pradesh,Mandi,Potato,2013,35128.73,119835.94
Tamil Nadu,Chennai,Cotton,2014,47871.43,139952.85
Kerala,Alappuzha,Papaya,2010,40663.62,170786.55
Maharashtra,Nagpur,Cotton,2019,36631.7,149073.34
Maharashtra,Pune,Rice,2019,13649.11,11464.13
Punjab,Jalandhar,Wheat,2012,4346.77,14729.21
Bihar,Gaya,Rice,2020,30291.46,134572.28
Gujarat,Ahmedabad,Potato,2010,49248.76,184160.36
Madhya Pradesh,Ujjain,Lentil,2020,42941.51,82660.09
Maharashtra,Nagpur,Groundnut,2012,48167.14,93414.52
Gujarat,Ahmedabad,Potato,2015,17987.62,59910.4
Madhya Pradesh,Bhopal,Wheat,2020,35639.13,122379.28
Uttar Pradesh,Varanasi,Onion,2018,23925.13,57784.31
Tamil Nadu,Thanjavur,Coconut,2019,47380.18,171292.58
Odisha,Cuttack,Coconut,2016,36827.44,114308.13
Karnataka,Bangalore,Groundnut,2022,13597.67,55846.8
Karnataka,Belgaum,Coconut,2020,15214.3,48768.06
Maharashtra,Pune,Tomato,2018,19170.12,20014.57
Kerala,Thrissur,Banana,2021,26831.02,96726.02
Karnataka,Hassan,Tomato,2021,19139.74,52638.64
Andhra Pradesh,East Godavari,Onion,2010,26588.45,30111.97
Madhya Pradesh,Ujjain,Cotton,2016,24579.47,68565.32
Haryana,Karnal,Wheat,2010,5160.35,14048.84
Haryana,Karnal,Potato,2022,42160.98,142603.17
Punjab,Ludhiana,Cotton,2017,18646.0,48142.22
Punjab,Sangrur,Rice,2016,19095.32,33685.04
Maharashtra,Nashik,Pomegranate,2015,32030.86,62201.48
Madhya Pradesh,Sagar,Chickpea,2019,5084.93,13464.69
Bihar,Patna,Rice,2014,35341.74,101829.88
Assam,Kamrup,Jute,2018,29335.52,123285.42
Punjab,Sangrur,Rice,2011,7144.55,27841.29
Andhra Pradesh,Krishna,Groundnut,2022,43719.68,123374.86
Odisha,Puri,Maize,2019,21225.25,24199.19
Bihar,Bhagalpur,Maize,2016,42091.53,186177.99
Gujarat,Surat,Onion,2010,23230.96,27983.63
Bihar,Muzaffarpur,Banana,2018,14850.95,30129.5
Haryana,Ambala,Wheat,2022,44284.31,171049.54
Gujarat,Bharuch,Onion,2023,25884.21,109366.97
Karnataka,Hassan,Coffee,2014,7602.12,17458.93
Rajasthan,Kota,Groundnut,2010,28790.29,82606.67
Punjab,Jalandhar,Maize,2018,1212.74,1615.4
Karnataka,Bangalore,Cotton,2013,30397.39,131677.8
Rajasthan,Bikaner,Barley,2014,44505.87,176070.24
Telangana,Nalgonda,Chickpea,2019,7938.67,18659.72
Himachal Pradesh,Kangra,Wheat,2012,27738.16,24158.13
Andhra Pradesh,East Godavari,Chickpea,2018,8973.69,20648.67
Andhra Pradesh,Guntur,Cotton,2010,15765.33,62009.65
Rajasthan,Bikaner,Chickpea,2014,6874.55,29046.66
Punjab,Sangrur,Cotton,2010,11285.71,40902.47
Haryana,Karnal,Potato,2012,33634.86,142971.56
Gujarat,Bharuch,Onion,2011,23671.89,85943.01
Assam,Dibrugarh,Maize,2015,20322.46,74029.98
Madhya Pradesh,Indore,Wheat,2017,6886.93,25922.58
Bihar,Nalanda,Wheat,2016,12154.28,36689.79
Madhya Pradesh,Bhopal,Lentil,2017,38273.61,135420.04
Punjab,Patiala,Cotton,2022,27450.43,40077.59
Maharashtra,Aurangabad,Groundnut,2020,15204.23,52422.13
Gujarat,Ahmedabad,Rice,2011,33453.4,33520.43
Kerala,Thrissur,Banana,2015,19675.55,58692.54
Gujarat,Surat,Cotton,2011,18914.62,75885.98
Odisha,Balasore,Maize,2018,13937.34,59943.67
Tamil Nadu,Chennai,Banana,2011,12318.94,10952.61
Uttar Pradesh,Kanpur,Lentil,2011,4817.97,15782.6
Haryana,Sonipat,Cotton,2017,38030.09,119132.09
West Bengal,Murshidabad,Coconut,2020,40568.45,165932.93
Madhya Pradesh,Ujjain,Groundnut,2013,11977.68,45689.01
Bihar,Patna,Onion,2013,14140.01,61408.71
Odisha,Puri,Jute,2011,21365.51,65438.24
Bihar,Patna,Rice,2015,19827.39,38476.45
Assam,Dibrugarh,Banana,2017,7864.04,31155.52
Kerala,Alappuzha,Coffee,2011,25012.83,38468.3
Gujarat,Rajkot,Potato,2019,12355.09,9895.29
Kerala,Alappuzha,Rice,2012,25705.07,108829.98
Uttar Pradesh,Kanpur,Chickpea,2012,49267.61,191690.06
Punjab,Sangrur,Sunflower,2019,4416.57,19046.63
Himachal Pradesh,Kullu,Potato,2015,5866.78,18599.36
Uttar Pradesh,Kanpur,Wheat,2023,10398.72,41865.61
Odisha,Ganjam,Maize,2023,11405.93,43314.41
Odisha,Cuttack,Coconut,2013,40125.33,169571.69
Uttar Pradesh,Meerut,Wheat,2021,36354.31,72184.13
Punjab,Sangrur,Barley,2022,42457.82,131309.46
Bihar,Gaya,Rice,2019,33528.33,50810.63
Andhra Pradesh,Kurnool,Groundnut,2016,43286.98,48191.73
Madhya Pradesh,Sagar,Chickpea,2015,22007.11,48480.22
Himachal Pradesh,Mandi,Apple,2014,34299.0,122065.01
Uttar Pradesh,Agra,Potato,2019,2858.23,8101.38
Uttar Pradesh,Varanasi,Tomato,2018,45223.25,194195.2
West Bengal,Burdwan,Banana,2012,29463.76,37750.46
Telangana,Karimnagar,Mango,2014,13658.45,50641.78
Andhra Pradesh,Guntur,Mango,2017,19237.81,64729.74
Telangana,Nalgonda,Chickpea,2015,21279.21,43068.1
Maharashtra,Pune,Wheat,2011,43064.11,86912.5
Himachal Pradesh,Mandi,Potato,2014,41184.16,183336.12
Telangana,Hyderabad,Chickpea,2021,14501.29,29354.04
Madhya Pradesh,Jabalpur,Chickpea,2016,48359.77,72627.8
Bihar,Nalanda,Lentil,2013,36269.73,109196.83
Andhra Pradesh,Anantapur,Rice,2023,25139.07,54168.86
Gujarat,Ahmedabad,Groundnut,2017,19667.03,86946.4
Karnataka,Bangalore,Coffee,2022,9697.96,27627.09
Gujarat,Ahmedabad,Onion,2019,29601.55,55544.62
Tamil Nadu,Chennai,Mango,2019,30505.3,65397.78
Assam,Dibrugarh,Banana,2022,28481.7,30885.12
Madhya Pradesh,Indore,Potato,2010,29652.62,103801.39
Andhra Pradesh,Anantapur,Cotton,2016,37421.45,31809.06
Karnataka,Hassan,Cotton,2012,22166.15,20008.88
Uttar Pradesh,Lucknow,Chickpea,2020,24578.12,107741.95
Rajasthan,Jaipur,Barley,2016,17041.45,30220.15
West Bengal,Hooghly,Jute,2012,18175.93,63372.49
Madhya Pradesh,Jabalpur,Onion,2015,35832.63,118187.22
Tamil Nadu,Chennai,Cotton,2017,37128.95,67176.48
Himachal Pradesh,Kullu,Potato,2012,23502.68,24489.61
West Bengal,Hooghly,Wheat,2010,24040.16,38267.21
Kerala,Alappuzha,Coconut,2010,37966.4,71823.31
Maharashtra,Kolhapur,Tomato,2015,10684.44,21963.19
Assam,Dibrugarh,Maize,2017,27677.86,50657.25
Odisha,Ganjam,Rice,2019,8235.42,16606.5
Kerala,Thrissur,Coconut,2023,31930.92,100337.33
Uttar Pradesh,Lucknow,Chickpea,2011,20341.6,17591.06
Himachal Pradesh,Kullu,Apple,2016,34129.44,112100.84
Punjab,Amritsar,Maize,2014,963.96,1056.61
Haryana,Ambala,Chickpea,2022,47494.1,166521.66
Maharashtra,Nashik,Cotton,2012,19182.87,66291.41
Kerala,Kozhikode,Papaya,2015,30858.09,91651.11
Bihar,Patna,Potato,2010,45446.58,51785.56
Andhra Pradesh,Guntur,Cotton,2017,34117.3,151924.1
Telangana,Nalgonda,Cotton,2017,15773.72,52889.86
Haryana,Ambala,Cotton,2021,15030.15,30597.5
Rajasthan,Jaipur,Chickpea,2018,34150.56,137488.13
Bihar,Nalanda,Onion,2020,4629.5,12787.79
Maharashtra,Kolhapur,Tomato,2013,9583.31,40397.61
Rajasthan,Jaipur,Mothbeans,2021,43898.84,75713.1
Gujarat,Surat,Onion,2017,33013.03,36031.98
Madhya Pradesh,Sagar,Cotton,2017,21340.89,74218.63
Uttar Pradesh,Kanpur,Maize,2019,45743.77,145360.17
West Bengal,Burdwan,Rice,2013,12683.49,20880.07
Gujarat,Rajkot,Rice,2017,10237.1,8215.24
Madhya Pradesh,Ujjain,Wheat,2023,28920.7,36042.5
Telangana,Karimnagar,Cotton,2012,14682.31,56014.72
Assam,Kamrup,Jute,2014,47195.54,66020.06
Maharashtra,Nashik,Groundnut,2013,36705.85,45018.1
Punjab,Ludhiana,Sunflower,2013,6779.42,27246.86
Telangana,Nalgonda,Mango,2020,47854.77,142520.24
Andhra Pradesh,Kurnool,Mango,2013,22388.91,96362.59
Uttar Pradesh,Meerut,Tomato,2022,15941.21,22173.24
Gujarat,Surat,Wheat,2018,43908.45,124120.54
Tamil Nadu,Chennai,Coconut,2016,4842.9,12104.76
Haryana,Rohtak,Chickpea,2014,33840.98,141799.44
Assam,Sonitpur,Rice,2019,24312.6,80346.93
Punjab,Patiala,Wheat,2018,4285.42,5964.34
Punjab,Sangrur,Barley,2013,12590.62,33089.64
Punjab,Jalandhar,Sunflower,2020,17094.77,35412.82
Tamil Nadu,Chennai,Mango,2016,36674.35,113760.27
Maharashtra,Nashik,Cotton,2016,4636.71,6613.58
Uttar Pradesh,Kanpur,Onion,2013,1632.46,6870.54
Punjab,Amritsar,Sunflower,2016,14456.57,45752.45
